sample ID;locality;country;Collection date;eventDate;Number and gender;individualCount;Family;Genus;species;scientific name;Z;decimalLatitude;decimalLongitude;Troglomorphy;habitat;joint coordinates;unique species count;air temperature ;deepest air temperature;m√©dia temperature;;;;;;;;;;;;;;;;;;;
65;14;;;;;;;;;;;;;;;;;;;
65;14;;;;;;;;;;;;;;;;;;;
""
425;;;;;;;;;;;;;;;;;;;
""
""
""
42;;;;;;;;;;;;;;;;;;;
425;;;;;;;;;;;;;;;;;;;
""
42;;;;;;;;;;;;;;;;;;;
425;;;;;;;;;;;;;;;;;;;
""
4;;;;;;;;;;;;;;;;;;;;;
65;14;;;;;;;;;;;;;;;;;;;
""
""
425;;;;;;;;;;;;;;;;;;;
""
42;;;;;;;;;;;;;;;;;;;
5;;;;;;;;;;;;;;;;;;;
""
42;;;;;;;;;;;;;;;;;;;
""
2;;;;;;;;;;;;;;;;;;;;;
425;;;;;;;;;;;;;;;;;;;
42;;;;;;;;;;;;;;;;;;;
""
""
""
5;;;;;;;;;;;;;;;;;;;
42;;;;;;;;;;;;;;;;;;;
""
425;;;;;;;;;;;;;;;;;;;
""
""
425;;;;;;;;;;;;;;;;;;;
2;;;;;;;;;;;;;;;;;;;;;
""
""
5;;;;;;;;;;;;;;;;;;;
""
""
8;;;;;;;;;;;;;;;;;;;;;
8;;;;;;;;;;;;;;;;;;;;;
""
""
6;;;;;;;;;;;;;;;;;;;;;
86666667;;;;;;;;;;;;;;;;;;;;;
""
""
""
""
6;;;;;;;;;;;;;;;;;;;
""
""
""
7875;;;;;;;;;;;;;;;;;;;
""
""
""
""
""
 1 juv;5;Leptonetidae;Sulcia;sp. 6;Sulcia sp. 6;;42.720118;17.67071;Tf;cave entrance;42.72011817.67071;11;12;;;;;;;;;;;;;;;;;;;;;
 1 juv;3;Leptonetidae;Sulcia;sp. 6;Sulcia sp. 6;;42.720118;17.67071;Tf;cave entrance;42.72011817.67071;11;12;;;;;;;;;;;;;;;;;;;;;
""
7875;;;;;;;;;;;;;;;;;;;
6;;;;;;;;;;;;;;;;;;;;;
""
6;;;;;;;;;;;;;;;;;;;
""
6;;;;;;;;;;;;;;;;;;;;;
""
""
6;;;;;;;;;;;;;;;;;;;
""
""
7875;;;;;;;;;;;;;;;;;;;
""
""
""
""
""
""
""
""
""
""
""
7875;;;;;;;;;;;;;;;;;;;
""
""
""
""
""
""
""
""
""
""
2;;;;;;;;;;;;;;;;;;;
825;;;;;;;;;;;;;;;;;;;
78333333;;;;;;;;;;;;;;;;;;;
""
""
""
""
""
""
""
""
""
""
""
45;;;;;;;;;;;;;;;;;;;
""
""
9;;;;;;;;;;;;;;;;;;;;;
95;;;;;;;;;;;;;;;;;;;
""
""
43333333;;;;;;;;;;;;;;;;;;;
""
95;;;;;;;;;;;;;;;;;;;
""
45;;;;;;;;;;;;;;;;;;;
""
4;;;;;;;;;;;;;;;;;;;
275;;;;;;;;;;;;;;;;;;;
""
""
""
""
""
""
45;;;;;;;;;;;;;;;;;;;
825;;;;;;;;;;;;;;;;;;;
""
""
78333333;;;;;;;;;;;;;;;;;;;
""
""
""
""
""
1;;;;;;;;;;;;;;;;;;;
1;;;;;;;;;;;;;;;;;;;
""
""
""
""
""
""
62;;;;;;;;;;;;;;;;;;;
62;;;;;;;;;;;;;;;;;;;
8;;;;;;;;;;;;;;;;;;;;;
85;;;;;;;;;;;;;;;;;;;
""
""
""
""
""
""
""
""
""
""
""
""
""
""
""
""
""
""
""
 2 juv;9;Linyphiidae;Porrhomma;convexum;Porrhomma convexum;;46.203313;16.109739;Tf;deep cave;46.20331316.109739;3;;;;;;;;;;;;;;;;;;;;;;
""
""
""
""
""
93333333;;;;;;;;;;;;;;;;;;;
""
""
""
""
""
""
84;;;;;;;;;;;;;;;;;;;
84;;;;;;;;;;;;;;;;;;;
84;;;;;;;;;;;;;;;;;;;
84;;;;;;;;;;;;;;;;;;;
84;;;;;;;;;;;;;;;;;;;
""
""
""
""
""
""
""
 1 juv;8;Linyphiidae;Troglohyphantes;croaticus;Troglohyphantes croaticus;450;45.346234;15.219338;Tb;deep cave;45.34623415.219338;3;;;;;;;;;;;;;;;;;;;;;;
""
""
""
""
""
""
""
""
""
""
""
""
""
""
""
""
""
""
""
""
""
 1juv;4;Linyphiidae;Troglohyphantes;excavatus;Troglohyphantes excavatus;;45.364356;15.315804;tf;deep cave;45.36435615.315804;2;;;;;;;;;;;;;;;;;;;;;;
""
""
""
""
""
""
""
""
""
""
""
""
""
""
""
""
""
""
 1juv;7;Linyphiidae;Porrhomma;egeria;Porrhomma egeria;135;45.406127;15.385848;Tf;deep cave;45.40612715.385848;2;;;;;;;;;;;;;;;;;;;;;;
""
""
""
""
""
""
""
""
""
""
""
""
""
""
""
""
""
""
""
""
""
45;;;;;;;;;;;;;;;;;;;
""
""
 2 juv;4;Theridiidae;Episinus;cavernicola;Episinus cavernicola;;43.970543;16.418533;Tf;deep cave;43.97054316.418533;2;;;;;;;;;;;;;;;;;;;;;;
""
""
""
""
 2 juv m;5;Nesticidae;Kryptonesticus;eremita;Kryptonesticus eremita;610;43.792496;16.671447;tf;deep cave;43.79249616.671447;8;;;;;;;;;;;;;;;;;;;;;;
""
""
""
""
""
""
""
""
""
""
""
""
""
""
""
7;;;;;;;;;;;;;;;;;;;;;
""
""
""
""
""
""
""
""
""
""
""
""
""
""
""
""
""
""
""
""
""
""
""
""
""
""
""
""
""
""
4;;;;;;;;;;;;;;;;;;;;;
""
""
""
""
""
""
""
""
 2juv;8;Linyphiidae;Troglohyphantes;croaticus;Troglohyphantes croaticus;450;45.346234;15.219338;Tb;deep cave;45.34623415.219338;3;;;;;;;;;;;;;;;;;;;;;;
""
""
""
""
 3juv;5;Linyphiidae;Troglohyphantes;croaticus;Troglohyphantes croaticus;335;45.346666;15.242214;Tb;deep cave;45.34666615.242214;2;;;;;;;;;;;;;;;;;;;;;;
""
""
 3 juv;7;Linyphiidae;Troglohyphantes;croaticus;Troglohyphantes croaticus;;45.343306;15.316733;Tb;deep cave;45.34330615.316733;2;;;;;;;;;;;;;;;;;;;;;;
""
""
""
""
""
""
""
""
""
""
""
""
""
""
""
""
 1juv;6;Linyphiidae;Porrhomma;convexum;Porrhomma convexum;;45.3156;15.344255;Tf;deep cave;45.315615.344255;2;;;;;;;;;;;;;;;;;;;;;;
""
""
""
""
""
2;;;;;;;;;;;;;;;;;;;
""
""
""
""
62;;;;;;;;;;;;;;;;;;;
62;;;;;;;;;;;;;;;;;;;
63043478;;;;;;;;;;;;;;;;;;;
""
""
6;;;;;;;;;;;;;;;;;;;
""
""
6;;;;;;;;;;;;;;;;;;;
""
""
62;;;;;;;;;;;;;;;;;;;
""
""
""
""
""
""
""
""
 2 juv;6;Linyphiidae;Troglohyphantes;hadzii;Troglohyphantes hadzii;;42.758221;17.97901;tf;deep cave;42.75822117.97901;3;;;;;;;;;;;;;;;;;;;;;;
""
""
""
""
""
""
""
""
 1juv;3;Linyphiidae;Troglohyphantes;excavatus;Troglohyphantes excavatus;;45.63707;15.390544;tf;deep cave;45.6370715.390544;2;;;;;;;;;;;;;;;;;;;;;;
""
""
""
""
""
""
""
""
""
""
""
""
""
""
""
""
 7juv;9;Linyphiidae;Troglohyphantes;brignolii;Troglohyphantes brignolii;;45.348186;14.239877;Tb;deep cave;45.34818614.239877;1;;;;;;;;;;;;;;;;;;;;;;
""
""
""
""
""
""
""
""
""
""
""
 1juv;3;Linyphiidae;Troglohyphantes;brignolii;Troglohyphantes brignolii;;45.352478;14.253225;Tb;deep cave;45.35247814.253225;2;;;;;;;;;;;;;;;;;;;;;;
""
""
""
""
""
""
 1juv;4;Linyphiidae;Troglohyphantes;brignolii;Troglohyphantes brignolii;;45.368907;14.245975;Tb;deep cave;45.36890714.245975;4;;;;;;;;;;;;;;;;;;;;;;
""
""
""
""
""
""
""
""
""
""
""
""
""
""
""
""
""
""
""
""
""
""
""
""
""
""
""
""
""
""
 2juv;5;Nesticidae;Kryptonesticus;eremita;Kryptonesticus eremita;;45.31777;14.487393;tf;deep cave;45.3177714.487393;1;;;;;;;;;;;;;;;;;;;;;;
""
""
""
""
""
""
""
""
""
""
 2 juv;4;Theridiidae;Episinus;cavernicola;Episinus cavernicola;;45.304426;14.521058;Tf;deep cave;45.30442614.521058;1;;;;;;;;;;;;;;;;;;;;;;
""
""
""
""
 2juv;5;Linyphiidae;Porrhomma;egeria;Porrhomma egeria;390;46.155463;16.1171;Tf;deep cave;46.15546316.1171;5;;;;;;;;;;;;;;;;;;;;;;
""
""
""
""
""
""
""
""
""
""
""
""
""
""
""
""
""
""
""
""
""
""
""
""
""
""
""
""
""
""
""
""
""
""
""
""
""
""
""
""
""
""
""
""
""
""
""
""
""
""
""
""
""
""
""
""
""
""
""
""
""
""
""
""
""
""
""
""
""
""
""
""
""
1 juv;4;Linyphiidae;Troglohyphantes;excavatus;Troglohyphantes excavatus;804;45.887195;15.927871;tf;deep cave;45.88719515.927871;9;;;;;;;;;;;;;;;;;;;;;;
""
""
""
""
""
""
""
 1 juv m;3;Linyphiidae;Troglohyphantes;excavatus;Troglohyphantes excavatus;450;45.845957;15.868496;tf;deep cave;45.84595715.868496;2;;;;;;;;;;;;;;;;;;;;;;
""
""
""
""
""
""
""
""
""
""
""
5 juv;6;Linyphiidae;Troglohyphantes;roberti;Troglohyphantes roberti;243;44.131933;15.851054;tb;deep cave;44.13193315.851054;6;;;;;;;;;;;;;;;;;;;;;;
""
""
""
""
""
""
""
""
""
""
""
""
""
""
""
""
""
""
""
566666667;;;;;;;;;;;;;;;;;;;
1 juv;4;Nesticidae;Kryptonesticus;eremita;Kryptonesticus eremita;176;42.93959;17.11266;tf;deep cave;42.9395917.11266;3;;;;;;;;;;;;;;;;;;;;;;
""
""
""
""
""
""
""
""
""
""
""
""
""
""
""
""
""
""
""
""
""
""
 1 juv;3;Nesticidae;Nesticus;cellulanus;Nesticus cellulanus;251;46.283906;16.06104;tf;deep cave;46.28390616.06104;4;;;;;;;;;;;;;;;;;;;;;;
1 juv;3;Nesticidae;Nesticus;cellulanus;Nesticus cellulanus;251;46.283906;16.06104;tf;deep cave;46.28390616.06104;4;;;;;;;;;;;;;;;;;;;;;;
""
""
""
""
""
""
""
""
""
""
""
""
""
""
""
""
""
""
""
""
""
""
""
""
""
""
""
""
""
""
""
""
""
5 juv;7;Agelenidae;Histopona;bidens;Histopona bidens;;42.731779;17.542409;tb;deep cave;42.73177917.542409;6;;;;;;;;;;;;;;;;;;;;;;
""
""
""
""
""
""
""
""
""
 3 juv;7;Nesticidae;Kryptonesticus;eremita;Kryptonesticus eremita;520;43.786027;16.665515;tf;deep cave;43.78602716.665515;2;;;;;;;;;;;;;;;;;;;;;;
""
""
""
""
""
""
""
""
""
""
""
""
""
6 juv;12;Nesticidae;Kryptonesticus;eremita;Kryptonesticus eremita;;43.073661;16.100773;tf;deep cave;43.07366116.100773;2;;;;;;;;;;;;;;;;;;;;;;
""
""
""
""
""
""
025;;;;;;;;;;;;;;;;;;;
""
""
""
""
""
""
""
""
""
""
1 juv;3;Nesticidae;Kryptonesticus;eremita;Kryptonesticus eremita;;44.030833;15.132778;Tf;deep cave;44.03083315.132778;1;;;;;;;;;;;;;;;;;;;;;;
1 juv;4;Nesticidae;Kryptonesticus;eremita;Kryptonesticus eremita;;43.839254;16.0536;tf;deep cave;43.83925416.0536;4;;;;;;;;;;;;;;;;;;;;;;
3 juv;5;Nesticidae;Kryptonesticus;eremita;Kryptonesticus eremita;;43.697353;16.029618;tf;deep cave;43.69735316.029618;3;;;;;;;;;;;;;;;;;;;;;;
""
""
""
""
""
1juv;3;Nesticidae;Kryptonesticus;eremita;Kryptonesticus eremita;;44.139831;15.842079;tf;deep cave;44.13983115.842079;2;;;;;;;;;;;;;;;;;;;;;;
""
""
""
""
""
1 juv m;2;Nesticidae;Kryptonesticus;eremita;Kryptonesticus eremita;;44.605518;14.40794;tf;deep cave;44.60551814.40794;1;;;;;;;;;;;;;;;;;;;;;;
""
""
""
""
""
""
""
""
""
""
5 juv;8;Nesticidae;Kryptonesticus;eremita;Kryptonesticus eremita;95;45.319298;13.631373;tf;deep cave;45.31929813.631373;7;;;;;;;;;;;;;;;;;;;;;;
""
""
""
""
""
""
""
""
""
1 juv;3;Nesticidae;Kryptonesticus;eremita;Kryptonesticus eremita;;45.197431;14.660523;tf;deep cave;45.19743114.660523;1;;;;;;;;;;;;;;;;;;;;;;
""
""
""
""
""
""
""
""
""
""
""
""
""
""
""
""
""
""
""
""
""
""
""
""
""
""
""
""
""
""
""
""
""
""
""
""
6;;;;;;;;;;;;;;;;;;;;;
7875;;;;;;;;;;;;;;;;;;;
""
""
1f;3;Agelenidae;Histopona;conveniens;Histopona conveniens;1181;43.286465;17.083638;Tf;deep cave;43.28646517.083638;8;;;;;;;;;;;;;;;;;;;;;;
6;;;;;;;;;;;;;;;;;;;;;
""
""
""
1 juv;3;Nesticidae;Kryptonesticus;eremita;Kryptonesticus eremita;39;42.959451;17.129228;tf;deep cave;42.95945117.129228;5;;;;;;;;;;;;;;;;;;;;;;
2 juv;7;Nesticidae;Kryptonesticus;eremita;Kryptonesticus eremita;;43.344348;16.74088;tf;deep cave;43.34434816.74088;2;;;;;;;;;;;;;;;;;;;;;;
""
4 juv;6;Nesticidae;Kryptonesticus;eremita;Kryptonesticus eremita;;43.344348;16.74088;tf;deep cave;43.34434816.74088;2;;;;;;;;;;;;;;;;;;;;;;
""
1m;2;Nesticidae;Kryptonesticus;eremita;Kryptonesticus eremita;243;44.131933;15.851054;tf;deep cave;44.13193315.851054;6;;;;;;;;;;;;;;;;;;;;;;
""
""
""
""
93333333;;;;;;;;;;;;;;;;;;;
""
""
""
""
""
""
""
""
""
""
""
""
""
1 juv;3;Nesticidae;Kryptonesticus;eremita;Kryptonesticus eremita;;42.559979;18.263559;tf;deep cave;42.55997918.263559;4;;;;;;;;;;;;;;;;;;;;;;
""
""
""
""
1 juv;3;Agelenidae;Histopona;egonpretneri;Histopona egonpretneri;400;44.828665;14.910216;Tb;deep cave;44.82866514.910216;2;;;;;;;;;;;;;;;;;;;;;;
 2juv;4;Agelenidae;Histopona;egonpretneri;Histopona egonpretneri;;44.808197;14.883737;Tb;deep cave;44.80819714.883737;2;;;;;;;;;;;;;;;;;;;;;;
""
""
1juv;3;Nesticidae;Nesticus;cellulanus;Nesticus cellulanus;156;45.346751;15.290094;tf;deep cave;45.34675115.290094;4;;;;;;;;;;;;;;;;;;;;;;
""
""
""
""
""
""
""
""
1 juv;4;Nesticidae;Kryptonesticus;eremita;Kryptonesticus eremita;256;45.071604;13.872151;tf;deep cave;45.07160413.872151;4;;;;;;;;;;;;;;;;;;;;;;
""
1 juv;2;Nesticidae;Kryptonesticus;eremita;Kryptonesticus eremita;;44.605518;14.40794;tf;deep cave;44.60551814.40794;1;;;;;;;;;;;;;;;;;;;;;;
""
""
""
""
 2 juv;6;Nesticidae;Kryptonesticus;deelemanae;Kryptonesticus deelemanae;400;43.387285;17.0103;tb;deep cave;43.38728517.0103;4;;;;;;;;;;;;;;;;;;;;;;
""
""
""
""
""
""
""
""
""
""
""
""
""
""
""
""
""
 7 juv;1;Nesticidae;Kryptonesticus;deelemanae;Kryptonesticus deelemanae;400;43.387285;17.0103;tb;deep cave;43.38728517.0103;4;;;;;;;;;;;;;;;;;;;;;;
""
""
""
""
""
""
""
""
""
""
""
""
""
""
""
""
 4 juv;7;Linyphiidae;Troglohyphantes;brignolii;Troglohyphantes brignolii;;45.309912;14.240736;Tb;deep cave;45.30991214.240736;1;;;;;;;;;;;;;;;;;;;;;;
""
""
 3 juv;12;Linyphiidae;Troglohyphantes;brignolii;Troglohyphantes brignolii;;45.310255;14.240885;Tb;deep cave;45.31025514.240885;2;;;;;;;;;;;;;;;;;;;;;;
 1 juv;4;Linyphiidae;Palliduphantes;pallidus;Palliduphantes pallidus;;45.280855;14.188262;Tf;deep cave;45.28085514.188262;1;;;;;;;;;;;;;;;;;;;;;;
""
""
""
""
""
""
""
 1 juv;8;Linyphiidae;Palliduphantes;istrianus;Palliduphantes istrianus;;45.280222;14.187889;Tf;deep cave;45.28022214.187889;1;;;;;;;;;;;;;;;;;;;;;;
""
""
""
""
""
""
""
""
""
""
""
""
""
""
""
""
""
""
""
""
""
""
""
""
""
""
""
""
""
 1 juv;2;Nesticidae;Kryptonesticus;eremita;Kryptonesticus eremita;;44.605518;14.40794;tf;deep cave;44.60551814.40794;1;;;;;;;;;;;;;;;;;;;;;;
""
""
""
""
""
""
""
""
""
""
""
""
""
2 juv;3;Nesticidae;Kryptonesticus;eremita;Kryptonesticus eremita;14;44.279837;15.47716;tf;deep cave;44.27983715.47716;3;;;;;;;;;;;;;;;;;;;;;;
""
""
""
""
""
""
""
""
""
""
""
""
""
""
""
""
""
""
""
""
""
""
""
""
""
""
""
""
""
""
""
""
""
""
""
""
""
""
""
""
""
""
""
""
""
""
""
""
""
""
""
""
""
""
""
""
""
""
""
""
""
""
""
""
""
""
""
""
""
""
""
""
275;;;;;;;;;;;;;;;;;;;
""
""
""
""
""
2;;;;;;;;;;;;;;;;;;;
6;;;;;;;;;;;;;;;;;;;;;
""
2;;;;;;;;;;;;;;;;;;;;;
""
""
275;;;;;;;;;;;;;;;;;;;
""
""
""
""
275;;;;;;;;;;;;;;;;;;;
""
78333333;;;;;;;;;;;;;;;;;;;
""
63043478;;;;;;;;;;;;;;;;;;;
""
""
275;;;;;;;;;;;;;;;;;;;
""
2;;;;;;;;;;;;;;;;;;;;;
""
""
63043478;;;;;;;;;;;;;;;;;;;
275;;;;;;;;;;;;;;;;;;;
825;;;;;;;;;;;;;;;;;;;
825;;;;;;;;;;;;;;;;;;;
825;;;;;;;;;;;;;;;;;;;
825;;;;;;;;;;;;;;;;;;;
""
""
""
""
 1juv;3;Tetragnathidae;Metellina;merianae;Metellina merianae;;43.781501;16.09613;Tf;deep cave;43.78150116.09613;3;;;;;;;;;;;;;;;;;;;;;;
825;;;;;;;;;;;;;;;;;;;
825;;;;;;;;;;;;;;;;;;;
2;;;;;;;;;;;;;;;;;;;
""
""
""
""
""
""
""
""
""
""
""
""
""
 1 juv;1;Linyphiidae;Troglohyphantes;sp. 3;Troglohyphantes sp. 3;;44.756325;15.190472;tb;deep cave;44.75632515.190472;1;;;;;;;;;;;;;;;;;;;;;;
""
""
""
""
""
""
""
""
""
""
""
""
""
""
""
""
""
""
""
""
""
""
""
""
""
""
""
""
""
""
""
""
""
""
""
""
""
825;;;;;;;;;;;;;;;;;;;
""
825;;;;;;;;;;;;;;;;;;;
825;;;;;;;;;;;;;;;;;;;
""
""
825;;;;;;;;;;;;;;;;;;;
825;;;;;;;;;;;;;;;;;;;
825;;;;;;;;;;;;;;;;;;;
""
""
""
""
 4 juv;6;Nesticidae;Kryptonesticus;eremita;Kryptonesticus eremita;;44.0002;16.016234;tf;deep cave;44.000216.016234;4;;;;;;;;;;;;;;;;;;;;;;
""
""
""
""
""
""
""
""
""
""
""
""
""
""
""
""
""
""
""
 1 juv;9;Linyphiidae;Micrargus;herbigradus;Micrargus herbigradus;;43.794009;16.00259;Tf;deep cave;43.79400916.00259;6;;;;;;;;;;;;;;;;;;;;;;
""
""
""
""
""
""
""
""
""
""
""
""
""
""
""
""
""
""
""
825;;;;;;;;;;;;;;;;;;;
""
""
""
""
""
""
825;;;;;;;;;;;;;;;;;;;
""
""
 3 juv;6;Dysderidae;Parastalita;stygia;Parastalita stygia;335;45.196851;15.219904;Tb;deep cave;45.19685115.219904;3;;;;;;;;;;;;;;;;;;;;;;
""
""
""
""
""
""
""
""
""
 1 juv;3;Dysderidae;Parastalita;stygia;Parastalita stygia;520;44.314302;15.475264;Tb;deep cave;44.31430215.475264;7;;;;;;;;;;;;;;;;;;;;;;
""
""
""
""
""
""
4;;;;;;;;;;;;;;;;;;;;;
""
""
""
""
825;;;;;;;;;;;;;;;;;;;
""
""
""
""
""
""
""
""
""
""
""
""
""
""
""
""
""
""
 1 juv;2;Nesticidae;Kryptonesticus;eremita;Kryptonesticus eremita;243;44.131933;15.851054;tf;deep cave;44.13193315.851054;6;;;;;;;;;;;;;;;;;;;;;;
""
""
""
""
""
""
""
""
""
""
""
""
""
""
""
""
""
""
""
""
""
""
""
""
""
""
""
""
""
""
""
""
""
""
""
""
""
""
""
""
""
""
""
""
""
""
""
""
""
""
""
""
""
""
""
""
""
""
""
""
""
""
""
""
""
""
 1 juv;2;Linyphiidae;Troglohyphantes;roberti;Troglohyphantes roberti;243;44.131933;15.851054;tb;deep cave;44.13193315.851054;6;;;;;;;;;;;;;;;;;;;;;;
""
 1 juv;2;Linyphiidae;Troglohyphantes;roberti;Troglohyphantes roberti;600;44.229974;15.855897;tb;deep cave;44.22997415.855897;4;;;;;;;;;;;;;;;;;;;;;;
""
""
 2 juv;12;Leptonetidae;Cataleptoneta;lingulata;Cataleptoneta lingulata;;44.191701;15.785015;tb;deep cave;44.19170115.785015;2;;;;;;;;;;;;;;;;;;;;;;
""
""
""
""
""
""
""
""
""
""
""
""
""
""
""
""
""
""
""
""
""
""
""
""
""
""
 1 juv;2;Dysderidae;Stalagtia;sp. 4;Stalagtia sp. 4;617;43.386358;16.925277;Tb;deep cave;43.38635816.925277;4;;;;;;;;;;;;;;;;;;;;;;
""
 1 juv;2;Dysderidae;Stalagtia;sp. 4;Stalagtia sp. 4;617;43.386358;16.925277;Tb;deep cave;43.38635816.925277;4;;;;;;;;;;;;;;;;;;;;;;
""
""
""
""
""
""
""
""
""
""
""
""
""
""
""
""
""
""
""
""
""
""
""
""
""
""
""
""
""
""
""
""
""
""
""
""
""
""
""
""
""
""
""
""
""
""
""
 1 juv;4;Pholcidae;Stygopholcus;absoloni;Stygopholcus absoloni;1195;43.284718;17.085044;;deep cave;43.28471817.085044;1;;;;;;;;;;;;;;;;;;;;;;
""
""
""
""
""
""
""
""
""
""
""
""
""
""
 1 juv;4;Linyphiidae;Typhlonyphia;sp. 1;Typhlonyphia sp. 1;;43.25927;17.147834;Tb;deep cave;43.2592717.147834;3;;;;;;;;;;;;;;;;;;;;;;
""
""
""
""
""
""
""
""
""
""
""
""
""
""
""
""
""
""
""
 2 juv;5;Linyphiidae;Palliduphantes;spelaeorum;Palliduphantes spelaeorum;617;43.386358;16.925277;Tf;deep cave;43.38635816.925277;4;;;;;;;;;;;;;;;;;;;;;;
""
""
""
""
""
""
""
""
 5 juv;8;Linyphiidae;Palliduphantes;spelaeorum;Palliduphantes spelaeorum;617;43.386358;16.925277;Tf;deep cave;43.38635816.925277;4;;;;;;;;;;;;;;;;;;;;;;
 2 juv;3;Linyphiidae;Palliduphantes;spelaeorum;Palliduphantes spelaeorum;617;43.386358;16.925277;Tf;deep cave;43.38635816.925277;4;;;;;;;;;;;;;;;;;;;;;;
""
""
""
""
""
""
""
""
 3 juv;6;Linyphiidae;Palliduphantes;spelaeorum;Palliduphantes spelaeorum;300;43.401143;16.894548;Tf;deep cave;43.40114316.894548;5;;;;;;;;;;;;;;;;;;;;;;
""
""
""
""
""
""
""
""
""
""
""
""
""
""
 1 juv;4;Linyphiidae;Palliduphantes;spelaeorum;Palliduphantes spelaeorum;;43.328376;16.979405;Tf;deep cave;43.32837616.979405;4;;;;;;;;;;;;;;;;;;;;;;
""
""
""
 1 juv;4;Linyphiidae;Palliduphantes;spelaeorum;Palliduphantes spelaeorum;;43.250417;17.113278;Tf;deep cave;43.25041717.113278;7;;;;;;;;;;;;;;;;;;;;;;
""
""
""
""
""
""
""
""
""
""
""
""
""
""
 1 juv m;4;Linyphiidae;Centromerus;silvicola;Centromerus silvicola;617;43.38381;16.932036;tx;deep cave;43.3838116.932036;5;;;;;;;;;;;;;;;;;;;;;;
""
""
""
""
""
""
 1 juv;5;Leptonetidae;Barusia;maheni;Barusia maheni;740;43.345181;17.096904;tf;deep cave;43.34518117.096904;3;;;;;;;;;;;;;;;;;;;;;;
""
""
""
 3 juv;6;Leptonetidae;Sulcia;sp.;Sulcia sp.;755;43.318029;17.117623;;;43.31802917.117623;4;;;;;;;;;;;;;;;;;;;;;;
""
""
""
 1 juv;3;Leptonetidae;Barusia;maheni;Barusia maheni;461;43.405319;17.014811;tf;deep cave;43.40531917.014811;3;;;;;;;;;;;;;;;;;;;;;;
 3 juv;5;Leptonetidae;Sulcia;sp.;Sulcia sp.;755;43.318029;17.117623;;;43.31802917.117623;4;;;;;;;;;;;;;;;;;;;;;;
""
""
 1 juv;7;Leptonetidae;Sulcia;sp.;Sulcia sp.;717;43.318227;17.121122;;;43.31822717.121122;6;;;;;;;;;;;;;;;;;;;;;;
""
""
""
""
""
""
""
""
""
""
""
""
""
""
""
 1 juvm;3;Leptonetidae;Sulcia;sp. 3;Sulcia sp. 3;725;43.407702;16.942899;Tb;deep cave;43.40770216.942899;3;;;;;;;;;;;;;;;;;;;;;;
""
 1 juv;4;Leptonetidae;Sulcia;sp. 4;Sulcia sp. 4;608;43.315167;17.130659;Tb;deep cave;43.31516717.130659;6;;;;;;;;;;;;;;;;;;;;;;
 1 juvm;3;Leptonetidae;Sulcia;sp. 3;Sulcia sp. 3;915;43.369901;16.973172;Tb;deep cave;43.36990116.973172;3;;;;;;;;;;;;;;;;;;;;;;
 4juv;12;Leptonetidae;Sulcia;sp. 4;Sulcia sp. 4;425;43.355609;16.991707;Tb;deep cave;43.35560916.991707;10;;;;;;;;;;;;;;;;;;;;;;
""
""
 1 juv;3;Leptonetidae;Sulcia;sp. 4;Sulcia sp. 4;755;43.318029;17.117623;Tb;deep cave;43.31802917.117623;4;;;;;;;;;;;;;;;;;;;;;;
""
""
""
""
""
 1 juvm;3;Leptonetidae;Sulcia;sp. 3;Sulcia sp. 3;425;43.355609;16.991707;Tb;deep cave;43.35560916.991707;10;;;;;;;;;;;;;;;;;;;;;;
 2 juv;6;Leptonetidae;Sulcia;sp. 4;Sulcia sp. 4;755;43.318029;17.117623;Tb;deep cave;43.31802917.117623;4;;;;;;;;;;;;;;;;;;;;;;
""
""
 3juv;7;Leptonetidae;Sulcia;sp. 4;Sulcia sp. 4;;43.234263;17.091929;Tb;deep cave;43.23426317.091929;2;;;;;;;;;;;;;;;;;;;;;;
""
""
""
""
""
 3 juv;9;Leptonetidae;Barusia;maheni;Barusia maheni;300;43.401143;16.894548;tf;deep cave;43.40114316.894548;5;;;;;;;;;;;;;;;;;;;;;;
""
""
""
""
""
""
""
""
 1juv;7;Linyphiidae;Troglohyphantes;croaticus;Troglohyphantes croaticus;570;45.327864;15.092353;tb;deep cave;45.32786415.092353;3;;;;;;;;;;;;;;;;;;;;;;
""
""
""
""
 1juv;3;Linyphiidae;Troglohyphantes;roberti;Troglohyphantes roberti;380;44.233742;15.698969;tb;deep cave;44.23374215.698969;2;;;;;;;;;;;;;;;;;;;;;;
""
""
""
""
05;;;;;;;;;;;;;;;;;;;
""
""
""
""
""
""
""
""
""
""
""
""
""
""
""
""
""
 2 juv;1;Linyphiidae;Palliduphantes;istrianus;Palliduphantes istrianus;;44.828665;14.910216;Tf;deep cave;44.82866514.910216;2;;;;;;;;;;;;;;;;;;;;;;
""
""
""
""
""
""
""
""
""
""
 3 juv;4;Linyphiidae;Troglohyphantes;roberti;Troglohyphantes roberti;;44.321352;15.678259;tb;deep cave;44.32135215.678259;1;;;;;;;;;;;;;;;;;;;;;;
""
""
""
""
""
""
""
""
""
""
""
""
""
""
""
 6juv;11;Nesticidae;Kryptonesticus;eremita;Kryptonesticus eremita;;43.119256;16.870199;;deep cave;43.11925616.870199;1;;;;;;;;;;;;;;;;;;;;;;
""
""
""
93333333;;;;;;;;;;;;;;;;;;;
""
""
""
""
""
""
""
""
""
""
""
 1 juv;5;Linyphiidae;Troglohyphantes;svilajensis;Troglohyphantes svilajensis;;43.867534;16.399097;tb;deep cave;43.86753416.399097;5;;;;;;;;;;;;;;;;;;;;;;
""
""
""
2;;;;;;;;;;;;;;;;;;;;;
""
""
""
""
""
""
""
""
""
""
""
 1f;2;Linyphiidae;Troglohyphantes;strandi;Troglohyphantes strandi;;43.583491;16.413783;tb;deep cave;43.58349116.413783;1;;;;;;;;;;;;;;;;;;;;;;
""
""
""
""
""
""
""
""
""
""
""
""
""
""
""
""
""
""
""
""
""
""
""
""
""
""
""
""
""
""
""
""
""
""
""
""
""
""
""
""
""
""
""
93333333;;;;;;;;;;;;;;;;;;;
""
""
""
93333333;;;;;;;;;;;;;;;;;;;
""
""
""
""
""
""
""
""
""
""
""
""
""
""
""
""
""
""
 1 juv f;5;Linyphiidae;Palliduphantes;sp. 1;Palliduphantes sp. 1;;42.765231;17.385606;tf;deep cave;42.76523117.385606;6;;;;;;;;;;;;;;;;;;;;;;
""
""
 1 juv;3;Linyphiidae;Palliduphantes;sp. 1;Palliduphantes sp. 1;;42.731779;17.542409;tf;deep cave;42.73177917.542409;6;;;;;;;;;;;;;;;;;;;;;;
""
""
""
""
""
""
""
""
""
""
""
 1juv;4;Leptonetidae;Barusia;maheni;Barusia maheni;;42.783131;17.357659;tf;deep cave;42.78313117.357659;1;;;;;;;;;;;;;;;;;;;;;;
 2 juv f;5;Linyphiidae;Palliduphantes;sp. 1;Palliduphantes sp. 1;;42.765231;17.385606;tf;deep cave;42.76523117.385606;6;;;;;;;;;;;;;;;;;;;;;;
""
""
""
""
""
""
""
""
""
""
""
6;;;;;;;;;;;;;;;;;;;
""
63043478;;;;;;;;;;;;;;;;;;;
""
""
""
""
""
""
""
""
""
""
""
""
""
""
""
""
""
""
""
""
""
""
""
""
""
""
""
""
""
""
""
""
""
""
""
675;;;;;;;;;;;;;;;;;;;
""
""
""
 1 juv;3;Tetragnathidae;Metellina;merianae;Metellina merianae;;42.959451;17.129228;Tf;deep cave;42.95945117.129228;5;;;;;;;;;;;;;;;;;;;;;;
""
""
""
 2 juv m;6;Linyphiidae;Centromerus;cavernarum;Centromerus cavernarum;;44.983895;15.721656;Tf;deep cave;44.98389515.721656;8;;;;;;;;;;;;;;;;;;;;;;
""
""
""
025;;;;;;;;;;;;;;;;;;;
""
""
""
""
""
63043478;;;;;;;;;;;;;;;;;;;
275;;;;;;;;;;;;;;;;;;;
025;;;;;;;;;;;;;;;;;;;
""
""
""
""
""
""
""
025;;;;;;;;;;;;;;;;;;;
63043478;;;;;;;;;;;;;;;;;;;
""
 2 juv;3;Dysderidae;Stalagtia;sp. 1;Stalagtia sp. 1;205;42.506621;18.391346;Tb;deep cave;42.50662118.391346;7;;;;;;;;;;;;;;;;;;;;;;
""
""
825;;;;;;;;;;;;;;;;;;;
""
78333333;;;;;;;;;;;;;;;;;;;
78333333;;;;;;;;;;;;;;;;;;;
""
""
""
2;;;;;;;;;;;;;;;;;;;
""
""
63043478;;;;;;;;;;;;;;;;;;;
825;;;;;;;;;;;;;;;;;;;
""
""
""
""
""
""
""
""
""
825;;;;;;;;;;;;;;;;;;;
825;;;;;;;;;;;;;;;;;;;
""
""
7875;;;;;;;;;;;;;;;;;;;
""
""
""
""
""
""
""
""
""
""
""
""
""
78333333;;;;;;;;;;;;;;;;;;;
""
 1 juv;5;Mysmenidae;Trogloneta;granulum;Trogloneta granulum;205;42.506621;18.391346;Tf;deep cave;42.50662118.391346;7;;;;;;;;;;;;;;;;;;;;;;
""
""
""
""
""
""
""
""
2;;;;;;;;;;;;;;;;;;;;;
""
""
 1juv;3;Nesticidae;Kryptonesticus;eremita;Kryptonesticus eremita;;43.570976;16.59734;Tf;deep cave;43.57097616.59734;5;;;;;;;;;;;;;;;;;;;;;;
""
""
""
""
""
""
 1 juv;3;Agelenidae;Histopona;conveniens;Histopona conveniens;405;43.266579;17.19798;Tf;deep cave;43.26657917.19798;6;;;;;;;;;;;;;;;;;;;;;;
""
""
566666667;;;;;;;;;;;;;;;;;;;
""
""
""
""
2;;;;;;;;;;;;;;;;;;;
""
2;;;;;;;;;;;;;;;;;;;
""
2;;;;;;;;;;;;;;;;;;;
""
""
""
""
""
""
""
""
2;;;;;;;;;;;;;;;;;;;
2;;;;;;;;;;;;;;;;;;;
""
2;;;;;;;;;;;;;;;;;;;
""
""
""
""
 2 juv m;6;Linyphiidae;Porrhomma;convexum;Porrhomma convexum;;44.990698;15.177848;;deep cave;44.99069815.177848;6;;;;;;;;;;;;;;;;;;;;;;
""
""
""
""
 3 juv;8;Linyphiidae;Porrhomma;convexum;Porrhomma convexum;;45.071604;13.872151;;deep cave;45.07160413.872151;4;;;;;;;;;;;;;;;;;;;;;;
""
""
""
""
""
""
""
""
""
""
""
 2 juv;6;Linyphiidae;Porrhomma;egeria;Porrhomma egeria;450;45.845957;15.868496;;deep cave;45.84595715.868496;2;;;;;;;;;;;;;;;;;;;;;;
""
 2 juv;6;Linyphiidae;Micrargus;herbigradus;Micrargus herbigradus;;44.814755;14.426275;Tf;deep cave;44.81475514.426275;2;;;;;;;;;;;;;;;;;;;;;;
""
""
""
""
""
""
""
""
""
 2 juv;5;Linyphiidae;Porrhomma;convexum;Porrhomma convexum;;44.990698;15.177848;;deep cave;44.99069815.177848;6;;;;;;;;;;;;;;;;;;;;;;
""
""
 1 prosoma (f?);5;Linyphiidae;Porrhomma;egeria;Porrhomma egeria;400;45.19;15.22;;deep cave;45.1915.22;1;;;;;;;;;;;;;;;;;;;;;;
""
""
""
""
""
""
 2 juv;4;Linyphiidae;Porrhomma;egeria;Porrhomma egeria;620;45.751922;15.536692;;deep cave;45.75192215.536692;4;;;;;;;;;;;;;;;;;;;;;;
""
""
""
""
""
""
""
""
""
""
""
 3 juv;5;Linyphiidae;Porrhomma;convexum;Porrhomma convexum;;45.418527;14.693695;;deep cave;45.41852714.693695;3;;;;;;;;;;;;;;;;;;;;;;
""
""
""
""
""
""
""
""
""
""
""
""
""
""
""
 1 juv;8;Linyphiidae;Porrhomma;egeria;Porrhomma egeria;620;45.751922;15.536692;;deep cave;45.75192215.536692;4;;;;;;;;;;;;;;;;;;;;;;
""
""
""
""
""
""
""
""
""
""
""
""
""
""
""
""
""
""
""
""
""
""
""
""
""
""
""
""
""
""
""
""
""
 3 juv;1;Leptonetidae;Cataleptoneta;lingulata;Cataleptoneta lingulata;;44.808197;14.883737;tb;deep cave;44.80819714.883737;2;;;;;;;;;;;;;;;;;;;;;;
""
""
""
""
 2 juv;5;Nesticidae;Kryptonesticus;eremita;Kryptonesticus eremita;;44.0002;16.016234;tf;deep cave;44.000216.016234;4;;;;;;;;;;;;;;;;;;;;;;
""
""
""
""
""
""
""
""
""
""
""
""
""
""
""
""
""
""
""
""
""
""
""
""
""
""
""
""
""
""
""
""
""
""
""
""
""
""
""
""
""
""
 1 juv;3;Nesticidae;Kryptonesticus;eremita;Kryptonesticus eremita;;44.002869;16.074441;tf;deep cave;44.00286916.074441;2;;;;;;;;;;;;;;;;;;;;;;
""
""
""
""
""
""
""
""
""
""
""
""
""
""
 1 prosoma (f?);2;Linyphiidae;Palliduphantes;istrianus;Palliduphantes istrianus;;43.949231;15.947793;Tf;deep cave;43.94923115.947793;2;;;;;;;;;;;;;;;;;;;;;;
""
""
""
 2 juv;1;Linyphiidae;Palliduphantes;byzantinus;Palliduphantes byzantinus;;43.934367;16.058782;Tf;deep cave;43.93436716.058782;4;;;;;;;;;;;;;;;;;;;;;;
""
""
""
""
""
""
""
""
""
 1 juv;5;Leptonetidae;Barusia;maheni;Barusia maheni;198;44.013402;16.067798;tf;deep cave;44.01340216.067798;6;;;;;;;;;;;;;;;;;;;;;;
""
""
""
""
 1 juv;3;Linyphiidae;Troglohyphantes;croaticus;Troglohyphantes croaticus;263;45.245525;15.318946;tb;deep cave;45.24552515.318946;3;;;;;;;;;;;;;;;;;;;;;;
""
""
""
""
""
""
""
""
""
""
""
""
""
""
""
""
""
""
""
""
""
""
""
""
""
""
""
""
""
""
""
""
""
""
""
""
""
""
""
""
""
""
""
""
 3 juv;7;Linyphiidae;Troglohyphantes;giromettai;Troglohyphantes giromettai;400;43.569268;16.620515;tf;deep cave;43.56926816.620515;6;;;;;;;;;;;;;;;;;;;;;;
""
""
2;;;;;;;;;;;;;;;;;;;;;
""
""
""
""
""
2;;;;;;;;;;;;;;;;;;;;;
2;;;;;;;;;;;;;;;;;;;;;
""
""
""
""
""
""
""
""
""
""
""
""
""
""
""
 4 juv R;6;Dysderidae;Folkia;haasi;Folkia haasi;;42.959451;17.129228;Tb;deep cave;42.95945117.129228;5;;;;;;;;;;;;;;;;;;;;;;
""
""
""
""
""
""
""
""
""
""
""
""
""
""
""
""
""
""
""
 2 juv;6;Leptonetidae;Cataleptoneta;lingulata;Cataleptoneta lingulata;520;44.314302;15.475264;tb;deep cave;44.31430215.475264;7;;;;;;;;;;;;;;;;;;;;;;
1;;;;;;;;;;;;;;;;;;;;;
1;;;;;;;;;;;;;;;;;;;;;
""
""
""
""
""
""
""
""
""
65;14;;;;;;;;;;;;;;;;;;;
 2 juv;4;Leptonetidae;Barusia;maheni;Barusia maheni;;42.92697;17.424809;tf;deep cave;42.9269717.424809;2;16;;;;;;;;;;;;;;;;;;;;;
 1 juv;3;Leptonetidae;Barusia;korculana;Barusia korculana;;42.93959;17.11266;tb;deep cave;42.9395917.11266;3;;;;;;;;;;;;;;;;;;;;;;
 2 juv m;4;Leptonetidae;Barusia;maheni;Barusia maheni;;42.764498;17.471054;tf;deep cave;42.76449817.471054;5;;;;;;;;;;;;;;;;;;;;;;
5;;;;;;;;;;;;;;;;;;;
""
""
""
""
""
""
""
""
""
 1 juv;7;Leptonetidae;Barusia;sp. 1;Barusia sp. 1;;42.960756;16.003363;tb;deep cave;42.96075616.003363;1;;;;;;;;;;;;;;;;;;;;;;
""
""
 1 juv;4;Leptonetidae;Sulcia;sp. 5;Sulcia sp. 5;230;42.966544;17.662484;;;42.96654417.662484;4;;;;;;;;;;;;;;;;;;;;;;
""
""
""
""
""
""
 1 juv;3;Pholcidae;Stygopholcus;absoloni;Stygopholcus absoloni;425;43.355609;16.991707;;deep cave;43.35560916.991707;10;;;;;;;;;;;;;;;;;;;;;;
""
""
""
""
""
""
""
""
""
""
""
""
""
""
""
""
""
""
""
""
""
""
 2 juv;4;Linyphiidae;Troglohyphantes;excavatus;Troglohyphantes excavatus;;45.997503;16.038982;tf;deep cave;45.99750316.038982;2;;;;;;;;;;;;;;;;;;;;;;
""
""
""
""
""
 1m;2;Dysderidae;Harpactea;lepida;Harpactea lepida;;44.500768;15.270244;Tx;deep cave;44.50076815.270244;1;;;;;;;;;;;;;;;;;;;;;;
""
""
 Rm bulbus;1;Dysderidae;Dysdera;bottazziae;Dysdera bottazziae;;43.133332;16.733332;Tx;;43.13333216.733332;1;;;;;;;;;;;;;;;;;;;;;;
""
""
""
""
 dio bulbusa m;4;Linyphiidae;Centromerus;sylvaticus;Centromerus sylvaticus;;43.756233;16.730879;tx;deep cave;43.75623316.730879;1;;;;;;;;;;;;;;;;;;;;;;
""
""
""
""
825;;;;;;;;;;;;;;;;;;;
""
6;;;;;;;;;;;;;;;;;;;;;
""
 3 juv;8;Linyphiidae;Palliduphantes;sp. 6;Palliduphantes sp. 6;50;42.866729;17.67021;;;42.86672917.67021;5;;;;;;;;;;;;;;;;;;;;;;
 2juvm;4;Leptonetidae;Sulcia;sp. 13;Sulcia sp. 13;50;42.866729;17.67021;;deep cave;42.86672917.67021;5;;;;;;;;;;;;;;;;;;;;;;
""
""
""
""
""
""
7875;;;;;;;;;;;;;;;;;;;
""
""
""
""
""
6;;;;;;;;;;;;;;;;;;;;;
""
""
""
""
""
""
""
""
 2 juv;4;Leptonetidae;Barusia;maheni;Barusia maheni;;42.76443;17.471825;tf;deep cave;42.7644317.471825;8;;;;;;;;;;;;;;;;;;;;;;
""
4;;;;;;;;;;;;;;;;;;;;;
7875;;;;;;;;;;;;;;;;;;;
""
""
""
""
""
2 juv;4;Leptonetidae;Barusia;maheni;Barusia maheni;;42.76443;17.471825;tf;deep cave;42.7644317.471825;8;;;;;;;;;;;;;;;;;;;;;;
""
7875;;;;;;;;;;;;;;;;;;;
""
""
""
""
""
""
""
""
 2 juv;5;Nesticidae;Kryptonesticus;eremita;Kryptonesticus eremita;;43.711127;15.902143;tf;deep cave;43.71112715.902143;2;;;;;;;;;;;;;;;;;;;;;;
""
""
""
""
""
""
""
""
""
""
""
 4 juv;7;Nesticidae;Kryptonesticus;eremita;Kryptonesticus eremita;;43.90774;15.980634;tf;deep cave;43.9077415.980634;4;;;;;;;;;;;;;;;;;;;;;;
""
""
""
""
""
""
""
2;;;;;;;;;;;;;;;;;;;;;
""
""
""
""
""
""
6;;;;;;;;;;;;;;;;;;;
""
6;;;;;;;;;;;;;;;;;;;
 2m;12;Leptonetidae;Sulcia;sp. 6;Sulcia sp. 6;;42.720118;17.67071;Tf;cave entrance;42.72011817.67071;11;12;;;;;;;;;;;;;;;;;;;;;
7875;;;;;;;;;;;;;;;;;;;
7875;;;;;;;;;;;;;;;;;;;
""
6;;;;;;;;;;;;;;;;;;;
2;;;;;;;;;;;;;;;;;;;
""
""
 4 juv;12;Leptonetidae;Barusia;maheni;Barusia maheni;;42.767364;17.452506;tf;deep cave;42.76736417.452506;6;;;;;;;;;;;;;;;;;;;;;;
""
""
""
""
""
""
""
""
""
""
 1 juv;5;Leptonetidae;Barusia;maheni;Barusia maheni;;42.782558;17.422514;tf;deep cave;42.78255817.422514;4;;;;;;;;;;;;;;;;;;;;;;
""
""
2;;;;;;;;;;;;;;;;;;;
2;;;;;;;;;;;;;;;;;;;
""
""
""
""
""
""
""
""
""
 1 juv m;4;Leptonetidae;Barusia;maheni;Barusia maheni;;42.767364;17.452506;tf;deep cave;42.76736417.452506;6;;;;;;;;;;;;;;;;;;;;;;
 4 juv;1;Leptonetidae;Barusia;maheni;Barusia maheni;;42.769951;17.436488;tf;cave entrance;42.76995117.436488;3;;;;;;;;;;;;;;;;;;;;;;
 3 juv;8;Leptonetidae;Barusia;maheni;Barusia maheni;;42.712746;17.682621;tf;deep cave;42.71274617.682621;3;;;;;;;;;;;;;;;;;;;;;;
 1 juv;3;Leptonetidae;Barusia;maheni;Barusia maheni;;42.765231;17.385606;tf;deep cave;42.76523117.385606;6;;;;;;;;;;;;;;;;;;;;;;
 8 juv;14;Leptonetidae;Barusia;maheni;Barusia maheni;;42.787249;17.328395;tf;deep cave;42.78724917.328395;3;;;;;;;;;;;;;;;;;;;;;;
6;;;;;;;;;;;;;;;;;;;
 3 juv;6;Leptonetidae;Barusia;maheni;Barusia maheni;;42.75873;17.448697;tf;deep cave;42.7587317.448697;5;;;;;;;;;;;;;;;;;;;;;;
 1 juv;4;Leptonetidae;Barusia;maheni;Barusia maheni;;42.75873;17.448697;tf;deep cave;42.7587317.448697;5;;;;;;;;;;;;;;;;;;;;;;
""
 1juv;3;Linyphiidae;Porrhomma;egeria;Porrhomma egeria;205;45.23655;15.668962;;deep cave;45.2365515.668962;1;;;;;;;;;;;;;;;;;;;;;;
""
""
""
""
""
""
""
""
""
""
""
""
""
""
""
""
""
""
""
""
""
""
""
""
""
""
""
 2juv;14;Nesticidae;Kryptonesticus;deelemanae;Kryptonesticus deelemanae;717;43.318227;17.121122;tb;deep cave;43.31822717.121122;6;;;;;;;;;;;;;;;;;;;;;;
""
""
 1juv;5;Leptonetidae;Sulcia;sp. 4;Sulcia sp. 4;717;43.318227;17.121122;Tb;deep cave;43.31822717.121122;6;;;;;;;;;;;;;;;;;;;;;;
""
""
""
""
""
""
""
""
""
""
""
""
""
""
""
""
""
""
""
 2juv;8;Leptonetidae;Sulcia;sp. 3;Sulcia sp. 3;425;43.355609;16.991707;Tb;deep cave;43.35560916.991707;10;;;;;;;;;;;;;;;;;;;;;;
""
""
""
""
""
""
""
""
""
 3juv;6;Leptonetidae;Sulcia;sp. 4;Sulcia sp. 4;755;43.318029;17.117623;Tb;deep cave;43.31802917.117623;4;;;;;;;;;;;;;;;;;;;;;;
""
 1juv;5;Leptonetidae;Sulcia;sp. 4;Sulcia sp. 4;755;43.318029;17.117623;Tb;deep cave;43.31802917.117623;4;;;;;;;;;;;;;;;;;;;;;;
""
""
""
""
""
""
""
""
 1 juv;4;Nesticidae;Kryptonesticus;eremita;Kryptonesticus eremita;;43.33236;16.43605;tf;deep cave;43.3323616.43605;2;;;;;;;;;;;;;;;;;;;;;;
 1 juv f;3;Linyphiidae;Palliduphantes;spelaeorum;Palliduphantes spelaeorum;;43.33236;16.43605;Tf;deep cave;43.3323616.43605;2;;;;;;;;;;;;;;;;;;;;;;
""
""
""
 3 juv;9;Leptonetidae;Barusia;sp. 1;Barusia sp. 1;;42.72749;16.840169;tb;deep cave;42.7274916.840169;2;;;;;;;;;;;;;;;;;;;;;;
65;14;;;;;;;;;;;;;;;;;;;
""
42;;;;;;;;;;;;;;;;;;;
42;;;;;;;;;;;;;;;;;;;
42;;;;;;;;;;;;;;;;;;;
42;;;;;;;;;;;;;;;;;;;
 2 juv;8;Leptonetidae;Barusia;maheni;Barusia maheni;;43.158023;16.813636;tf;deep cave;43.15802316.813636;4;;;;;;;;;;;;;;;;;;;;;;
 1 juv;4;Leptonetidae;Barusia;maheni;Barusia maheni;;43.158023;16.813636;tf;deep cave;43.15802316.813636;4;;;;;;;;;;;;;;;;;;;;;;
 3 juv;6;Leptonetidae;Barusia;maheni;Barusia maheni;;43.158023;16.813636;tf;deep cave;43.15802316.813636;4;;;;;;;;;;;;;;;;;;;;;;
""
93333333;;;;;;;;;;;;;;;;;;;
""
93333333;;;;;;;;;;;;;;;;;;;
""
 1 juv m;4;Linyphiidae;Troglohyphantes;sp. 4;Troglohyphantes sp. 4;;44.623188;15.130654;tb;deep cave;44.62318815.130654;1;;;;;;;;;;;;;;;;;;;;;;
""
""
""
42;;;;;;;;;;;;;;;;;;;
""
""
""
""
 1juv;3;Sicariidae;Loxosceles;rufescens;Loxosceles rufescens;;43.156687;16.814810;Tf;deep cave;43.15668716.814810;2;;;;;;;;;;;;;;;;;;;;;;
""
""
""
""
""
""
""
""
""
""
""
""
""
""
""
""
 1 juv;3;Tetragnathidae;Meta;menardi;Meta menardi;;44.983895;15.721656;Tf;deep cave;44.98389515.721656;8;;;;;;;;;;;;;;;;;;;;;;
""
""
""
""
""
""
""
""
""
""
""
""
""
""
""
""
""
""
""
""
""
""
""
""
""
""
""
""
 1 juv;3;Nesticidae;Kryptonesticus;eremita;Kryptonesticus eremita;;44.0422953;16.2352157514;tf;deep cave;44.042295316.2352157514;2;;;;;;;;;;;;;;;;;;;;;;
""
 3 juv;5;Dysderidae;Harpactea;rucnerorum;Harpactea rucnerorum;;43.82018;16.012303;Tf;shallow subterranean habitat;43.8201816.012303;8;;;;;;;;;;;;;;;;;;;;;;
""
""
""
 3f;4;Amaurobidae;Amaurobius;erberi;Amaurobius erberi;;43.82018;16.012303;Tx;epigean habitat;43.8201816.012303;8;;;;;;;;;;;;;;;;;;;;;;
""
""
""
""
 7 juv;11;Nesticidae;Kryptonesticus;eremita;Kryptonesticus eremita;;44.786909;13.907968;tf;deep cave;44.78690913.907968;3;;;;;;;;;;;;;;;;;;;;;;
 2 juv;4;Nesticidae;Kryptonesticus;eremita;Kryptonesticus eremita;;44.786909;13.907968;tf;deep cave;44.78690913.907968;3;;;;;;;;;;;;;;;;;;;;;;
""
 1juv;3;Nesticidae;Kryptonesticus;eremita;Kryptonesticus eremita;;44.786909;13.907968;tf;deep cave;44.78690913.907968;3;;;;;;;;;;;;;;;;;;;;;;
 3juv;5;Nesticidae;Kryptonesticus;eremita;Kryptonesticus eremita;;44.786909;13.907968;tf;deep cave;44.78690913.907968;3;;;;;;;;;;;;;;;;;;;;;;
""
""
 4juv;6;Nesticidae;Kryptonesticus;eremita;Kryptonesticus eremita;;44.786909;13.907968;tf;deep cave;44.78690913.907968;3;;;;;;;;;;;;;;;;;;;;;;
""
""
""
""
""
 3 juv;5;Dysderidae;Stalagtia;hercegovinensis;Stalagtia hercegovinensis;37;42.935427;17.43822;Tb;deep cave;42.93542717.43822;7;;;;;;;;;;;;;;;;;;;;;;
""
""
""
""
""
""
""
""
""
""
""
""
""
 1juv;4;Leptonetidae;Sulcia;sp. 10;Sulcia sp. 10;;42.644127;18.137798;;;42.64412718.137798;3;;;;;;;;;;;;;;;;;;;;;;
 1juvm;4;Leptonetidae;Barusia;maheni;Barusia maheni;;43.839254;16.0536;tf;deep cave;43.83925416.0536;4;;;;;;;;;;;;;;;;;;;;;;
""
""
""
""
""
825;;;;;;;;;;;;;;;;;;;
""
""
""
""
""
""
""
""
""
""
""
""
""
""
""
""
""
""
""
""
""
""
""
""
""
""
""
""
""
""
""
""
""
""
 1juv;4;Linyphiidae;Troglohyphantes;croaticus;Troglohyphantes croaticus;222;45.409582;15.230035;tb;deep cave;45.40958215.230035;1;;;;;;;;;;;;;;;;;;;;;;
""
 1juv;3;Linyphiidae;Troglohyphantes;excavatus;Troglohyphantes excavatus;;45.63707;15.390544;tf;deep cave;45.6370715.390544;2;;;;;;;;;;;;;;;;;;;;;;
""
""
""
""
""
 7juv;1;Linyphiidae;Typhlonyphia;sp. 1;Typhlonyphia sp. 1;510;43.229672;17.314159;Tb;deep cave;43.22967217.314159;8;;;;;;;;;;;;;;;;;;;;;;
""
""
""
""
""
""
""
""
""
""
""
""
""
""
""
""
""
""
 1juv;3;Linyphiidae;Typhlonyphia;sp. 1;Typhlonyphia sp. 1;1181;43.286465;17.083638;Tb;deep cave;43.28646517.083638;8;;;;;;;;;;;;;;;;;;;;;;
""
""
""
""
""
""
 2juv;4;Leptonetidae;Sulcia;sp.;Sulcia sp.;;43.26239;17.204021;;;43.2623917.204021;6;;;;;;;;;;;;;;;;;;;;;;
""
""
""
""
 2juv;4;Leptonetidae;Barusia;maheni;Barusia maheni;;43.605854;16.575066;tf;deep cave;43.60585416.575066;5;;;;;;;;;;;;;;;;;;;;;;
""
""
""
""
""
""
""
""
6;;;;;;;;;;;;;;;;;;;;;
""
""
 2juv;4;Linyphiidae;Troglohyphantes;croaticus;Troglohyphantes croaticus;570;45.327864;15.092353;tb;deep cave;45.32786415.092353;3;;;;;;;;;;;;;;;;;;;;;;
""
""
 1juv;3;Nesticidae;Kryptonesticus;eremita;Kryptonesticus eremita;;43.057273;16.135641;tf;deep cave;43.05727316.135641;1;;;;;;;;;;;;;;;;;;;;;;
""
""
""
""
""
""
""
""
""
""
2;;;;;;;;;;;;;;;;;;;;;
""
""
""
""
""
""
""
""
""
""
""
""
""
""
 1juvm;4;Linyphiidae;Porrhomma;egeria;Porrhomma egeria;724;45.740585;15.35653;;deep cave;45.74058515.35653;4;;;;;;;;;;;;;;;;;;;;;;
""
 2juv;5;Nesticidae;Kryptonesticus;eremita;Kryptonesticus eremita;115;43.012832;16.111537;tf;deep cave;43.01283216.111537;1;;;;;;;;;;;;;;;;;;;;;;
""
""
""
""
""
""
""
 4 juv;6;Leptonetidae;Sulcia;sp.;Sulcia sp.;755;43.318029;17.117623;;;43.31802917.117623;4;;;;;;;;;;;;;;;;;;;;;;
""
""
""
""
""
""
""
""
""
""
""
""
""
""
""
""
""
""
""
""
""
""
""
""
 2juv;4;Leptonetidae;Sulcia;sp.;Sulcia sp.;584;43.320551;17.122321;;;43.32055117.122321;6;;;;;;;;;;;;;;;;;;;;;;
""
 2juv;6;Leptonetidae;Sulcia;sp.;Sulcia sp.;;43.262438;17.203945;;;43.26243817.203945;3;;;;;;;;;;;;;;;;;;;;;;
""
""
""
""
 1juv;3;Linyphiidae;Typhlonyphia;sp. 1;Typhlonyphia sp. 1;1181;43.286465;17.083638;Tb;deep cave;43.28646517.083638;8;;;;;;;;;;;;;;;;;;;;;;
""
""
""
""
""
""
""
""
""
""
""
""
""
""
""
""
""
""
 4juv;1;Linyphiidae;Typhlonyphia;sp. 1;Typhlonyphia sp. 1;;43.281102;17.233483;Tb;deep cave;43.28110217.233483;2;;;;;;;;;;;;;;;;;;;;;;
""
""
""
""
""
""
 2juv;6;Linyphiidae;Troglohyphantes;croaticus;Troglohyphantes croaticus;450;45.346234;15.219338;tb;deep cave;45.34623415.219338;3;;;;;;;;;;;;;;;;;;;;;;
""
 6juv;9;Linyphiidae;Troglohyphantes;roberti;Troglohyphantes roberti;700;44.27338;15.88422;tb;deep cave;44.2733815.88422;5;;;;;;;;;;;;;;;;;;;;;;
""
""
""
""
""
""
""
""
""
""
 2juvm;5;Linyphiidae;Troglohyphantes;excavatus;Troglohyphantes excavatus;370;45.718256;15.417534;tf;deep cave;45.71825615.417534;2;;;;;;;;;;;;;;;;;;;;;;
""
""
""
""
""
""
""
""
""
""
""
""
""
 1juv;3;Linyphiidae;Gen.;sp. X;Gen. sp. X;;45.738211;15.292957;;;45.73821115.292957;1;;;;;;;;;;;;;;;;;;;;;;
""
""
""
""
""
""
""
""
""
""
""
""
 1juv;5;Linyphiidae;Centromerus;cavernarum;Centromerus cavernarum;;45.809504;15.476375;Tf;deep cave;45.80950415.476375;7;;;;;;;;;;;;;;;;;;;;;;
""
""
""
 1juv;5;Linyphiidae;Gen.;sp. X;Gen. sp. X;;45.734425;15.394925;;;45.73442515.394925;1;;;;;;;;;;;;;;;;;;;;;;
""
""
""
""
""
""
 2juv;4;Tetragnathidae;Metellina;merianae;Metellina merianae;;45.448806;14.424279;Tf;deep cave;45.44880614.424279;3;;;;;;;;;;;;;;;;;;;;;;
""
""
""
""
""
""
""
 2juv;4;Linyphiidae;Troglohyphantes;roberti;Troglohyphantes roberti;;44.276013;15.861388;tb;deep cave;44.27601315.861388;1;;;;;;;;;;;;;;;;;;;;;;
 2juv;9;Linyphiidae;Troglohyphantes;roberti;Troglohyphantes roberti;;44.276935;15.856411;tb;deep cave;44.27693515.856411;1;;;;;;;;;;;;;;;;;;;;;;
""
""
""
""
 4juv;8;Leptonetidae;Cataleptoneta;lingulata;Cataleptoneta lingulata;;44.294512;15.515362;tb;deep cave;44.29451215.515362;1;;;;;;;;;;;;;;;;;;;;;;
""
""
 3juv;5;Leptonetidae;Cataleptoneta;lingulata;Cataleptoneta lingulata;;44.309906;15.481716;tb;deep cave;44.30990615.481716;2;;;;;;;;;;;;;;;;;;;;;;
""
""
""
""
""
""
""
""
""
""
""
""
""
""
""
""
""
""
""
""
""
""
""
""
""
""
""
 6 juv;8;Linyphiidae;Centromerus;silvicola;Centromerus silvicola;804;45.887195;15.927871;tx;deep cave;45.88719515.927871;9;;;;;;;;;;;;;;;;;;;;;;
""
""
""
 1juv;3;Linyphiidae;Gen.;sp. X;Gen. sp. X;804;45.887195;15.927871;;;45.88719515.927871;9;;;;;;;;;;;;;;;;;;;;;;
 1juv;4;Linyphiidae;Diplocephalus;alpinus;Diplocephalus alpinus;330;45.841058;15.873642;;;45.84105815.873642;6;;;;;;;;;;;;;;;;;;;;;;
""
""
""
 3juv;11;Linyphiidae;Troglohyphantes;excavatus;Troglohyphantes excavatus;;45.819885;15.679061;tf;deep cave;45.81988515.679061;1;;;;;;;;;;;;;;;;;;;;;;
 4juv;9;Linyphiidae;Troglohyphantes;sp. 8;Troglohyphantes sp. 8;1475;43.344045;17.057588;Tf;deep cave;43.34404517.057588;3;;;;;;;;;;;;;;;;;;;;;;
""
""
""
 2juv;5;Leptonetidae;Barusia;korculana;Barusia korculana;50;42.978588;17.129081;tb;deep cave;42.97858817.129081;7;;;;;;;;;;;;;;;;;;;;;;
 2juv;12;Leptonetidae;Barusia;korculana;Barusia korculana;50;42.978588;17.129081;tb;deep cave;42.97858817.129081;7;;;;;;;;;;;;;;;;;;;;;;
""
""
""
""
""
""
""
""
""
""
""
""
 1juv;9;Linyphiidae;Palliduphantes;spelaeorum;Palliduphantes spelaeorum;;43.184949;16.434233;Tf;deep cave;43.18494916.434233;5;;;;;;;;;;;;;;;;;;;;;;
 1juv;4;Linyphiidae;Palliduphantes;spelaeorum;Palliduphantes spelaeorum;;43.133120;16.744319;Tf;deep cave;43.13312016.744319;3;;;;;;;;;;;;;;;;;;;;;;
""
""
""
""
""
 7juv;9;Nesticidae;Kryptonesticus;eremita;Kryptonesticus eremita;;44.786909;13.907968;tf;deep cave;44.78690913.907968;3;;;;;;;;;;;;;;;;;;;;;;
""
""
""
""
""
""
""
""
""
""
7;;;;;;;;;;;;;;;;;;;;;
""
""
""
""
""
""
 1juv;5;Linyphiidae;Troglohyphantes;croaticus;Troglohyphantes croaticus;450;45.346234;15.219338;tb;deep cave;45.34623415.219338;3;;;;;;;;;;;;;;;;;;;;;;
""
""
""
 1f;2;Linyphiidae;Palliduphantes;istrianus;Palliduphantes istrianus;;44.131933;15.851054;Tf;deep cave;44.13193315.851054;6;;;;;;;;;;;;;;;;;;;;;;
 2juv;4;Nesticidae;Kryptonesticus;eremita;Kryptonesticus eremita;;44.131933;15.851054;tf;deep cave;44.13193315.851054;6;;;;;;;;;;;;;;;;;;;;;;
""
 1juv;4;Linyphiidae;Centromerus;cavernarum;Centromerus cavernarum;;44.983895;15.721656;Tf;deep cave;44.98389515.721656;8;;;;;;;;;;;;;;;;;;;;;;
""
 3juv;8;Linyphiidae;Centromerus;cavernarum;Centromerus cavernarum;;44.983895;15.721656;Tf;deep cave;44.98389515.721656;8;;;;;;;;;;;;;;;;;;;;;;
""
""
""
""
""
025;;;;;;;;;;;;;;;;;;;
025;;;;;;;;;;;;;;;;;;;
025;;;;;;;;;;;;;;;;;;;
025;;;;;;;;;;;;;;;;;;;
566666667;;;;;;;;;;;;;;;;;;;
""
566666667;;;;;;;;;;;;;;;;;;;
""
""
""
""
63043478;;;;;;;;;;;;;;;;;;;
""
""
566666667;;;;;;;;;;;;;;;;;;;
""
2;;;;;;;;;;;;;;;;;;;;;
2;;;;;;;;;;;;;;;;;;;;;
2;;;;;;;;;;;;;;;;;;;;;
""
""
""
""
2;;;;;;;;;;;;;;;;;;;;;
""
""
 5juv;7;Leptonetidae;Barusia;maheni;Barusia maheni;;43.605854;16.575066;tf;deep cave;43.60585416.575066;5;;;;;;;;;;;;;;;;;;;;;;
""
""
 1juv;5;Leptonetidae;Sulcia;sp.;Sulcia sp.;584;43.320551;17.122321;;;43.32055117.122321;6;;;;;;;;;;;;;;;;;;;;;;
""
""
""
""
""
""
""
""
""
 4juv;7;Linyphiidae;Troglohyphantes;excavatus;Troglohyphantes excavatus;;46.285554;16.015107;tf;shallow subterranean habitat;46.28555416.015107;1;;;;;;;;;;;;;;;;;;;;;;
""
""
""
""
""
""
""
""
""
""
""
""
""
""
 1juv;5;Linyphiidae;Troglohyphantes;excavatus;Troglohyphantes excavatus;474;45.760532;15.367073;tf;deep cave;45.76053215.367073;2;;;;;;;;;;;;;;;;;;;;;;
""
""
""
""
""
""
""
""
""
""
""
""
""
""
""
""
""
""
 1juv;2;Dysderidae;Harpactea;sp.;Harpactea sp.;;43.68634;16.548617;;;43.6863416.548617;1;;;;;;;;;;;;;;;;;;;;;;
""
""
""
""
""
""
""
 1juvm;7;Linyphiidae;Troglohyphantes;strandi;Troglohyphantes strandi;;43.583491;16.413783;tb;deep cave;43.58349116.413783;1;;;;;;;;;;;;;;;;;;;;;;
""
""
""
 1juv;3;Linyphiidae;Palliduphantes;spelaeorum;Palliduphantes spelaeorum;;43.628923;16.794535;Tf;deep cave;43.62892316.794535;1;;;;;;;;;;;;;;;;;;;;;;
""
""
""
""
""
""
""
""
""
""
""
""
""
 8 juv;11;Leptonetidae;Sulcia;sp.;Sulcia sp.;755;43.318029;17.117623;;;43.31802917.117623;4;;;;;;;;;;;;;;;;;;;;;;
""
""
""
""
""
""
""
""
""
 1juv;6;Linyphiidae;Micrargus;apertus;Micrargus apertus;;45.260209;15.144297;;;45.26020915.144297;1;;;;;;;;;;;;;;;;;;;;;;
 1juv;7;Linyphiidae;Troglohyphantes;croaticus;Troglohyphantes croaticus;;45.227501;15.325084;tb;deep cave;45.22750115.325084;2;;;;;;;;;;;;;;;;;;;;;;
""
""
""
""
""
""
""
 6juv;11;Linyphiidae;Troglohyphantes;croaticus;Troglohyphantes croaticus;;45.227501;15.325084;tb;deep cave;45.22750115.325084;2;;;;;;;;;;;;;;;;;;;;;;
""
""
""
""
""
 1juv;4;Linyphiidae;Troglohyphantes;kordunlikanus;Troglohyphantes kordunlikanus;;45.301113;15.592877;tf;deep cave;45.30111315.592877;5;;;;;;;;;;;;;;;;;;;;;;
""
""
""
""
""
""
""
 2juv;8;Linyphiidae;Troglohyphantes;strandi;Troglohyphantes strandi;400;43.569268;16.620515;tb;deep cave;43.56926816.620515;6;;;;;;;;;;;;;;;;;;;;;;
""
""
""
""
""
""
45;;;;;;;;;;;;;;;;;;;
""
""
""
""
""
""
""
""
""
""
""
""
""
025;;;;;;;;;;;;;;;;;;;
025;;;;;;;;;;;;;;;;;;;
""
""
566666667;;;;;;;;;;;;;;;;;;;
""
566666667;;;;;;;;;;;;;;;;;;;
""
""
""
""
 1juvm;4;Leptonetidae;Sulcia;sp. 4;Sulcia sp. 4;1181;43.286465;17.083638;Tb;deep cave;43.28646517.083638;8;;;;;;;;;;;;;;;;;;;;;;
""
""
""
""
 2juv;4;Leptonetidae;Sulcia;sp. 1;Sulcia sp. 1;;43.534495;16.564289;Tf;deep cave;43.53449516.564289;2;;;;;;;;;;;;;;;;;;;;;;
 3 juv;5;Leptonetidae;Sulcia;sp. 1;Sulcia sp. 1;;43.534495;16.564289;Tf;deep cave;43.53449516.564289;2;;;;;;;;;;;;;;;;;;;;;;
 2juv;7;Leptonetidae;Sulcia;sp. 1;Sulcia sp. 1;;43.534495;16.564289;Tf;deep cave;43.53449516.564289;2;;;;;;;;;;;;;;;;;;;;;;
""
""
""
""
 2juv;8;Leptonetidae;Barusia;sp. 1;Barusia sp. 1;131;43.012358;16.113011;tb;deep cave;43.01235816.113011;2;;;;;;;;;;;;;;;;;;;;;;
""
""
""
 7 juv;2;Leptonetidae;Barusia;sp. 1;Barusia sp. 1;;42.960756;16.003363;tb;deep cave;42.96075616.003363;1;;;;;;;;;;;;;;;;;;;;;;
 3juv;8;Leptonetidae;Barusia;maheni;Barusia maheni;;43.360229;16.569356;tf;deep cave;43.36022916.569356;3;;;;;;;;;;;;;;;;;;;;;;
""
""
 2juv+1juv Liny;5;Nesticidae;Kryptonesticus;eremita;Kryptonesticus eremita;;43.360229;16.569356;tf;deep cave;43.36022916.569356;3;;;;;;;;;;;;;;;;;;;;;;
""
""
""
""
 1juv;7;Linyphiidae;Troglohyphantes;sp. 8;Troglohyphantes sp. 8;1475;43.344045;17.057588;Tf;deep cave;43.34404517.057588;3;;;;;;;;;;;;;;;;;;;;;;
""
""
""
""
""
""
""
""
""
""
 1juv;3;Linyphiidae;Typhlonyphia;sp. 1;Typhlonyphia sp. 1;1181;43.286465;17.083638;Tb;deep cave;43.28646517.083638;8;;;;;;;;;;;;;;;;;;;;;;
""
 2juv;4;Leptonetidae;Sulcia;sp.;Sulcia sp.;1181;43.286465;17.083638;;;43.28646517.083638;8;;;;;;;;;;;;;;;;;;;;;;
""
""
""
""
""
""
""
""
""
""
""
 1juvm;4;Linyphiidae;Typhlonyphia;sp. 1;Typhlonyphia sp. 1;;43.256469;17.162283;Tb;deep cave;43.25646917.162283;4;;;;;;;;;;;;;;;;;;;;;;
""
""
""
 1juv;3;Nesticidae;Kryptonesticus;eremita;Kryptonesticus eremita;370;45.407366;14.308747;tf;deep cave;45.40736614.308747;3;;;;;;;;;;;;;;;;;;;;;;
""
""
""
 2juv;4;Linyphiidae;Troglohyphantes;croaticus;Troglohyphantes croaticus;730;45.326489;14.704217;tb;deep cave;45.32648914.704217;8;;;;;;;;;;;;;;;;;;;;;;
""
""
""
""
""
""
""
""
 2juv;4;Linyphiidae;Troglohyphantes;croaticus;Troglohyphantes croaticus;730;45.326489;14.704217;tb;deep cave;45.32648914.704217;8;;;;;;;;;;;;;;;;;;;;;;
""
""
""
""
""
""
""
""
""
""
""
""
""
""
""
""
""
""
""
""
""
""
""
""
""
""
""
""
""
 4juv;7;Leptonetidae;Sulcia;sp. 3;Sulcia sp. 3;425;43.355609;16.991707;Tb;deep cave;43.35560916.991707;10;;;;;;;;;;;;;;;;;;;;;;
""
""
""
""
""
""
""
""
""
""
""
""
""
""
""
""
""
""
""
""
""
""
1;;;;;;;;;;;;;;;;;;;
 1juv;7;Linyphiidae;Troglohyphantes;roberti;Troglohyphantes roberti;;44.131933;15.851054;tb;deep cave;44.13193315.851054;6;;;;;;;;;;;;;;;;;;;;;;
""
 2f;3;Linyphiidae;Palliduphantes;istrianus;Palliduphantes istrianus;;44.131933;15.851054;Tf;deep cave;44.13193315.851054;6;;;;;;;;;;;;;;;;;;;;;;
""
""
""
""
""
""
""
""
""
825;;;;;;;;;;;;;;;;;;;
825;;;;;;;;;;;;;;;;;;;
""
""
""
 1f;2;Linyphiidae;Troglohyphantes;roberti;Troglohyphantes roberti;;44.131933;15.851054;tb;deep cave;44.13193315.851054;6;;;;;;;;;;;;;;;;;;;;;;
""
""
 3juv;5;Linyphiidae;Troglohyphantes;roberti;Troglohyphantes roberti;;44.131933;15.851054;tb;deep cave;44.13193315.851054;6;;;;;;;;;;;;;;;;;;;;;;
 2juv;4;Leptonetidae;Barusia;maheni;Barusia maheni;;43.37569;16.272059;tf;deep cave;43.3756916.272059;3;;;;;;;;;;;;;;;;;;;;;;
""
 2juvm;9;Linyphiidae;Palliduphantes;spelaeorum;Palliduphantes spelaeorum;;43.37569;16.272059;Tf;deep cave;43.3756916.272059;3;;;;;;;;;;;;;;;;;;;;;;
 3juv;8;Leptonetidae;Barusia;maheni;Barusia maheni;;43.37569;16.272059;tf;deep cave;43.3756916.272059;3;;;;;;;;;;;;;;;;;;;;;;
""
""
""
""
""
 1juv;3;Tetragnathidae;Metellina;merianae;Metellina merianae;610;43.792496;16.671447;Tf;deep cave;43.79249616.671447;8;;;;;;;;;;;;;;;;;;;;;;
""
""
 1juvm?;5;Linyphiidae;Troglohyphantes;dinaricus;Troglohyphantes dinaricus;610;43.792496;16.671447;tb;deep cave;43.79249616.671447;8;;;;;;;;;;;;;;;;;;;;;;
 2juv?;5;Linyphiidae;Troglohyphantes;dinaricus;Troglohyphantes dinaricus;610;43.792496;16.671447;tb;deep cave;43.79249616.671447;8;;;;;;;;;;;;;;;;;;;;;;
""
""
""
""
""
""
""
""
""
""
""
""
""
""
""
""
""
""
""
""
""
""
""
""
""
""
""
 2juv;1;Leptonetidae;Sulcia;sp. 13;Sulcia sp. 13;;43.083116;17.606299;;deep cave;43.08311617.606299;5;;;;;;;;;;;;;;;;;;;;;;
 4juv;6;Dysderidae;Stalagtia;sp. 1;Stalagtia sp. 1;;42.52633;18.3382;Tb;deep cave;42.5263318.3382;4;;;;;;;;;;;;;;;;;;;;;;
""
 1juv;3;Dysderidae;Stalagtia;sp. 1;Stalagtia sp. 1;;42.52633;18.3382;Tb;deep cave;42.5263318.3382;4;;;;;;;;;;;;;;;;;;;;;;
""
""
""
""
""
""
""
""
""
""
 3juv;6;Linyphiidae;Typhlonyphia;sp. 1;Typhlonyphia sp. 1;;43.256469;17.162283;Tb;deep cave;43.25646917.162283;4;;;;;;;;;;;;;;;;;;;;;;
""
 1juv;3;Leptonetidae;Sulcia;sp. 4;Sulcia sp. 4;755;43.318029;17.117623;Tb;deep cave;43.31802917.117623;4;;;;;;;;;;;;;;;;;;;;;;
""
""
""
""
""
""
""
""
""
""
""
 3juv;12;Leptonetidae;Sulcia;sp. 4;Sulcia sp. 4;717;43.318227;17.121122;Tb;deep cave;43.31822717.121122;6;;;;;;;;;;;;;;;;;;;;;;
""
""
""
""
""
""
""
""
""
""
""
 1juv;3;Linyphiidae;Troglohyphantes;excavatus;Troglohyphantes excavatus;400;45.738992;15.497143;tf;deep cave;45.73899215.497143;7;;;;;;;;;;;;;;;;;;;;;;
""
""
""
""
""
""
""
""
""
""
""
""
""
""
 1juv;5;Leptonetidae;Gen.;sp.;Gen. sp.;;43.25525;17.265833;;;43.2552517.265833;6;;;;;;;;;;;;;;;;;;;;;;
""
""
""
""
""
""
 3juv;9;Linyphiidae;Porrhomma;egeria;Porrhomma egeria;620;45.751922;15.536692;;deep cave;45.75192215.536692;4;;;;;;;;;;;;;;;;;;;;;;
""
""
""
""
""
""
""
""
""
""
""
""
""
""
""
""
""
""
""
""
""
""
""
""
""
""
""
""
""
""
""
""
""
 jaja;3;Nesticidae;Kryptonesticus;eremita;Kryptonesticus eremita;;43.697353;16.029618;tf;deep cave;43.69735316.029618;3;;;;;;;;;;;;;;;;;;;;;;
""
""
""
""
""
""
""
""
 4juv;6;Nesticidae;Kryptonesticus;eremita;Kryptonesticus eremita;;43.986193;15.054548;tf;deep cave;43.98619315.054548;3;;;;;;;;;;;;;;;;;;;;;;
""
""
""
""
""
""
""
""
""
""
""
""
""
""
""
 3juv;5;Linyphiidae;Troglohyphantes;excavatus;Troglohyphantes excavatus;;44.982629;15.624101;tf;deep cave;44.98262915.624101;1;;;;;;;;;;;;;;;;;;;;;;
""
""
62;;;;;;;;;;;;;;;;;;;
""
""
""
""
05;;;;;;;;;;;;;;;;;;;
05;;;;;;;;;;;;;;;;;;;
""
""
""
05;;;;;;;;;;;;;;;;;;;
""
""
""
""
""
""
""
""
""
""
""
""
""
""
""
""
""
""
""
""
""
""
 1m;5;Linyphiidae;Troglohyphantes;sp. 3;Troglohyphantes sp. 3;;44.697822;15.055016;tb;deep cave;44.69782215.055016;1;;;;;;;;;;;;;;;;;;;;;;
""
""
""
""
""
""
""
""
""
""
""
""
""
""
""
""
""
""
""
""
""
""
""
""
""
""
""
""
""
""
""
""
""
""
""
""
""
""
""
""
""
 2juv;4;Tetragnathidae;Metellina;merianae;Metellina merianae;;43.363177;16.332844;Tf;deep cave;43.36317716.332844;4;;;;;;;;;;;;;;;;;;;;;;
""
""
""
""
""
""
""
""
""
""
""
""
""
""
 1juv;3;Linyphiidae;Typhlonyphia;reimoseri;Typhlonyphia reimoseri;460;43.00528;17.157984;tb;deep cave;43.0052817.157984;6;;;;;;;;;;;;;;;;;;;;;;
""
""
""
""
""
""
""
""
""
""
""
""
""
""
""
""
""
""
""
""
""
""
""
""
""
""
""
 1juv;4;Leptonetidae;Barusia;korculana;Barusia korculana;;42.959451;17.129228;tb;deep cave;42.95945117.129228;5;;;;;;;;;;;;;;;;;;;;;;
""
""
""
""
""
""
""
""
""
""
""
""
""
""
""
""
""
""
""
 1 juv;4;Theridiidae;Episinus;cavernicola;Episinus cavernicola;;44.797465;14.941761;Tf;deep cave;44.79746514.941761;4;;;;;;;;;;;;;;;;;;;;;;
""
""
""
""
""
""
""
""
""
""
""
""
""
""
4;;;;;;;;;;;;;;;;;;;;;
""
""
""
4;;;;;;;;;;;;;;;;;;;;;
4;;;;;;;;;;;;;;;;;;;;;
""
""
4;;;;;;;;;;;;;;;;;;;;;
""
4;;;;;;;;;;;;;;;;;;;;;
4;;;;;;;;;;;;;;;;;;;;;
""
""
""
""
""
""
""
""
""
 1 kokon pun jaja;6;Nesticidae;Kryptonesticus;eremita;Kryptonesticus eremita;;43.957667;15.117515;tf;deep cave;43.95766715.117515;1;;;;;;;;;;;;;;;;;;;;;;
""
""
""
""
""
""
""
""
""
""
 4juv;7;Leptonetidae;Barusia;maheni;Barusia maheni;295;42.966644;17.322697;tf;deep cave;42.96664417.322697;6;;;;;;;;;;;;;;;;;;;;;;
""
""
""
""
""
 1juv;4;Tetragnathidae;Metellina;merianae;Metellina merianae;;43.00464;17.133706;Tf;deep cave;43.0046417.133706;4;;;;;;;;;;;;;;;;;;;;;;
""
""
""
""
""
""
""
""
""
""
""
""
""
""
""
""
""
""
""
""
""
""
""
""
""
""
""
""
""
""
""
""
""
""
""
""
""
""
""
""
""
 3juv;12;Leptonetidae;Barusia;korculana;Barusia korculana;;43.006205;17.157652;tb;deep cave;43.00620517.157652;2;;;;;;;;;;;;;;;;;;;;;;
""
""
""
""
""
""
 6 juv;8;Pholcidae;Pholcus;phalangioides;Pholcus phalangioides;;42.977917;17.14156;;deep cave;42.97791717.14156;3;;;;;;;;;;;;;;;;;;;;;;
""
""
""
""
 3juv;5;Leptonetidae;Barusia;korculana;Barusia korculana;;43.014202;17.16548;tb;deep cave;43.01420217.16548;3;;;;;;;;;;;;;;;;;;;;;;
""
 5juv;7;Dysderidae;Stalagtia;hercegovinensis;Stalagtia hercegovinensis;;42.879436;17.580367;tb;deep cave;42.87943617.580367;4;;;;;;;;;;;;;;;;;;;;;;
""
""
""
""
""
""
""
""
""
""
""
""
""
""
""
6;;;;;;;;;;;;;;;;;;;
""
""
7875;;;;;;;;;;;;;;;;;;;
""
""
""
""
""
""
""
""
""
""
""
""
""
""
""
""
""
""
""
""
""
""
""
""
""
""
""
""
""
""
""
""
""
""
""
""
""
""
""
""
""
""
""
""
""
""
 6juv;12;Leptonetidae;Sulcia;sp. 13;Sulcia sp. 13;417;42.84727;17.636466;;deep cave;42.8472717.636466;6;;;;;;;;;;;;;;;;;;;;;;
""
 3juv;6;Leptonetidae;Sulcia;sp. 13;Sulcia sp. 13;417;42.84727;17.636466;;deep cave;42.8472717.636466;6;;;;;;;;;;;;;;;;;;;;;;
""
""
""
""
""
""
""
""
""
""
""
""
""
""
""
 1juv;6;Linyphiidae;Typhlonyphia;reimoseri;Typhlonyphia reimoseri;460;43.00528;17.157984;tb;deep cave;43.0052817.157984;6;;;;;;;;;;;;;;;;;;;;;;
""
""
""
""
""
""
""
""
 1juv;5;Leptonetidae;Barusia;korculana;Barusia korculana;50;42.978588;17.129081;tb;deep cave;42.97858817.129081;7;;;;;;;;;;;;;;;;;;;;;;
""
""
""
""
""
""
""
""
 7juv;11;Linyphiidae;Gen. 12;sp. 1;Gen. 12 sp. 1;;42.879436;17.580367;tb;deep cave;42.87943617.580367;4;;;;;;;;;;;;;;;;;;;;;;
""
""
""
""
""
""
 10juv;22;Leptonetidae;Sulcia;sp. 13;Sulcia sp. 13;;42.874718;17.616483;;deep cave;42.87471817.616483;3;;;;;;;;;;;;;;;;;;;;;;
""
""
""
""
""
""
""
""
""
""
""
 1juv;5;Leptonetidae;Sulcia;sp. 13;Sulcia sp. 13;417;42.84727;17.636466;;deep cave;42.8472717.636466;6;;;;;;;;;;;;;;;;;;;;;;
""
""
""
""
""
""
""
""
""
""
""
""
""
""
""
""
""
""
""
""
""
""
""
""
""
 4juv;7;Agelenidae;Histopona;conveniens;Histopona conveniens;873;43.258385;17.284191;Tf;deep cave;43.25838517.284191;5;;;;;;;;;;;;;;;;;;;;;;
""
""
""
""
""
""
""
""
 9juv;11;Nesticidae;Kryptonesticus;eremita;Kryptonesticus eremita;14;44.279837;15.47716;tf;deep cave;44.27983715.47716;3;;;;;;;;;;;;;;;;;;;;;;
 3juv;4;Linyphiidae;Centromerus;densidentatus sp.n.;Centromerus densidentatus sp.n.;14;44.279837;15.47716;;;44.27983715.47716;3;;;;;;;;;;;;;;;;;;;;;;
""
""
05;;;;;;;;;;;;;;;;;;;
""
""
""
""
""
 4juv;9;Linyphiidae;Troglohyphantes;strandi;Troglohyphantes strandi;445;43.562235;16.648216;tb;deep cave;43.56223516.648216;5;;;;;;;;;;;;;;;;;;;;;;
""
""
""
2;;;;;;;;;;;;;;;;;;;;;
2;;;;;;;;;;;;;;;;;;;;;
""
""
""
""
""
""
 1juv;3;Linyphiidae;Palliduphantes;spelaeorum;Palliduphantes spelaeorum;;43.250385;17.286886;Tf;deep cave;43.25038517.286886;3;;;;;;;;;;;;;;;;;;;;;;
""
""
""
""
 1juvm;6;Agelenidae;Histopona;conveniens;Histopona conveniens;;43.250385;17.286886;Tf;deep cave;43.25038517.286886;3;;;;;;;;;;;;;;;;;;;;;;
""
 1juvm;6;Leptonetidae;Barusia;maheni;Barusia maheni;;43.258279;17.282972;tf;deep cave;43.25827917.282972;4;;;;;;;;;;;;;;;;;;;;;;
""
""
 2juv;4;Leptonetidae;Barusia;maheni;Barusia maheni;;43.258279;17.282972;tf;deep cave;43.25827917.282972;4;;;;;;;;;;;;;;;;;;;;;;
""
 1juv;3;Linyphiidae;Palliduphantes;spelaeorum;Palliduphantes spelaeorum;;43.258279;17.282972;Tf;deep cave;43.25827917.282972;4;;;;;;;;;;;;;;;;;;;;;;
 1juv;5;Leptonetidae;Barusia;maheni;Barusia maheni;;43.258279;17.282972;tf;deep cave;43.25827917.282972;4;;;;;;;;;;;;;;;;;;;;;;
""
""
""
""
""
""
""
""
""
""
""
""
""
""
""
""
""
""
""
""
""
""
""
""
 1juv;3;Linyphiidae;Troglohyphantes;svilajensis;Troglohyphantes svilajensis;1444;43.788557;16.484494;tb;deep cave;43.78855716.484494;1;;;;;;;;;;;;;;;;;;;;;;
""
""
""
""
""
""
""
""
""
""
""
""
""
""
""
""
""
""
""
""
""
""
""
""
""
""
""
""
""
""
""
""
 3juv;5;Leptonetidae;Sulcia;sp.;Sulcia sp.;173;42.98141;17.552813;;;42.9814117.552813;1;;;;;;;;;;;;;;;;;;;;;;
 1juv;6;Leptonetidae;Sulcia;sp.;Sulcia sp.;;42.982913;17.552765;;;42.98291317.552765;1;;;;;;;;;;;;;;;;;;;;;;
""
 1juv;7;Linyphiidae;Troglohyphantes;sp. 13;Troglohyphantes sp. 13;1085;44.584926;15.189983;tb;deep cave;44.58492615.189983;1;;;;;;;;;;;;;;;;;;;;;;
""
""
""
""
""
""
""
""
 8juv;12;Leptonetidae;Sulcia;sp.;Sulcia sp.;;43.043298;17.469678;;;43.04329817.469678;3;;;;;;;;;;;;;;;;;;;;;;
""
""
""
""
""
""
""
""
""
 1juv;7;Leptonetidae;Sulcia;sp.;Sulcia sp.;304;42.954033;17.566688;;;42.95403317.566688;1;;;;;;;;;;;;;;;;;;;;;;
""
""
""
""
 7juv;13;Leptonetidae;Sulcia;sp.;Sulcia sp.;;43.25525;17.265833;;;43.2552517.265833;6;;;;;;;;;;;;;;;;;;;;;;
 1juv;4;Leptonetidae;Sulcia;sp.;Sulcia sp.;;43.25525;17.265833;;;43.2552517.265833;6;;;;;;;;;;;;;;;;;;;;;;
""
 4juv;17;Leptonetidae;Sulcia;sp.;Sulcia sp.;;43.25525;17.265833;;;43.2552517.265833;6;;;;;;;;;;;;;;;;;;;;;;
""
""
""
 6juv;1;Leptonetidae;Sulcia;sp.;Sulcia sp.;;43.25525;17.265833;;;43.2552517.265833;6;;;;;;;;;;;;;;;;;;;;;;
 3juv;6;Leptonetidae;Sulcia;sp.;Sulcia sp.;;43.25525;17.265833;;;43.2552517.265833;6;;;;;;;;;;;;;;;;;;;;;;
""
""
 2juv;6;Leptonetidae;Barusia;maheni;Barusia maheni;;43.2581389;17.2835556;tf;deep cave;43.258138917.2835556;3;;;;;;;;;;;;;;;;;;;;;;
 5juv;12;Leptonetidae;Barusia;maheni;Barusia maheni;;43.2581389;17.2835556;tf;deep cave;43.258138917.2835556;3;;;;;;;;;;;;;;;;;;;;;;
""
""
""
""
""
""
""
""
""
""
""
""
 1juvm;3;Agelenidae;Histopona;conveniens;Histopona conveniens;1030;43.269115;17.238031;Tf;deep cave;43.26911517.238031;6;;;;;;;;;;;;;;;;;;;;;;
""
""
""
""
""
""
""
""
""
""
""
""
""
""
""
""
""
""
""
""
""
""
""
""
""
""
""
""
 1juv;3;Leptonetidae;Sulcia;sp.;Sulcia sp.;;42.985281;17.557541;;;42.98528117.557541;3;;;;;;;;;;;;;;;;;;;;;;
""
""
""
""
""
""
""
""
""
""
""
""
""
""
""
""
""
""
""
""
""
""
 2juv;5;Linyphiidae;Porrhomma;convexum;Porrhomma convexum;;45.267036;15.223745;;deep cave;45.26703615.223745;3;;;;;;;;;;;;;;;;;;;;;;
 1juv;6;Linyphiidae;Porrhomma;convexum;Porrhomma convexum;;45.267036;15.223745;;deep cave;45.26703615.223745;3;;;;;;;;;;;;;;;;;;;;;;
""
 3juv;5;Linyphiidae;Troglohyphantes;croaticus;Troglohyphantes croaticus;747;45.387818;14.564202;tb;deep cave;45.38781814.564202;1;;;;;;;;;;;;;;;;;;;;;;
""
""
""
""
""
""
""
""
""
 2juv;4;Linyphiidae;Troglohyphantes;excavatus;Troglohyphantes excavatus;;44.978719;15.571742;tf;deep cave;44.97871915.571742;1;;;;;;;;;;;;;;;;;;;;;;
""
""
""
""
""
 1juv;3;Linyphiidae;Troglohyphantes;sp. 14;Troglohyphantes sp. 14;;44.45424;15.32186;tb;deep cave;44.4542415.32186;3;;;;;;;;;;;;;;;;;;;;;;
""
""
""
""
""
""
""
""
""
""
""
""
""
""
""
""
""
""
""
""
""
""
""
""
""
""
""
""
""
""
""
566666667;;;;;;;;;;;;;;;;;;;
""
""
""
""
 1juv;4;Tetragnathidae;Metellina;merianae;Metellina merianae;;45.287384;13.63524;Tf;deep cave;45.28738413.63524;2;;;;;;;;;;;;;;;;;;;;;;
""
""
4;;;;;;;;;;;;;;;;;;;
""
""
""
""
78333333;;;;;;;;;;;;;;;;;;;
78333333;;;;;;;;;;;;;;;;;;;
78333333;;;;;;;;;;;;;;;;;;;
78333333;;;;;;;;;;;;;;;;;;;
""
""
2;;;;;;;;;;;;;;;;;;;;;
""
""
6;;;;;;;;;;;;;;;;;;;;;
""
""
""
6;;;;;;;;;;;;;;;;;;;;;
""
""
""
""
""
63043478;;;;;;;;;;;;;;;;;;;
63043478;;;;;;;;;;;;;;;;;;;
""
63043478;;;;;;;;;;;;;;;;;;;
""
""
""
63043478;;;;;;;;;;;;;;;;;;;
""
63043478;;;;;;;;;;;;;;;;;;;
""
""
""
""
""
""
""
""
62;;;;;;;;;;;;;;;;;;;
62;;;;;;;;;;;;;;;;;;;
62;;;;;;;;;;;;;;;;;;;
""
""
""
""
""
""
""
""
""
""
""
""
""
""
 4juv;6;Leptonetidae;Sulcia;sp. 3;Sulcia sp. 3;725;43.407702;16.942899;Tb;deep cave;43.40770216.942899;3;;;;;;;;;;;;;;;;;;;;;;
 3juv;6;Linyphiidae;Typhlonyphia;sp. 1;Typhlonyphia sp. 1;1181;43.286465;17.083638;Tb;deep cave;43.28646517.083638;8;;;;;;;;;;;;;;;;;;;;;;
""
 1juvm;4;Linyphiidae;Troglohyphantes;sp. 8;Troglohyphantes sp. 8;;43.29997829;17.0924399;Tf;deep cave;43.2999782917.0924399;1;;;;;;;;;;;;;;;;;;;;;;
""
""
""
""
""
 3juv;6;Leptonetidae;Barusia;sp. 1;Barusia sp. 1;;42.960756;16.003363;tb;deep cave;42.96075616.003363;1;;;;;;;;;;;;;;;;;;;;;;
42;;;;;;;;;;;;;;;;;;;
42;;;;;;;;;;;;;;;;;;;
42;;;;;;;;;;;;;;;;;;;
""
""
""
""
 1juvm;6;Linyphiidae;Palliduphantes;spelaeorum;Palliduphantes spelaeorum;;43.134518;17.518957;Tf;deep cave;43.13451817.518957;1;;;;;;;;;;;;;;;;;;;;;;
""
""
""
""
""
""
""
""
""
""
""
""
""
 1juv;4;Leptonetidae;Barusia;maheni;Barusia maheni;;43.07692;17.43331;tf;shallow subterranean habitat;43.0769217.43331;7;;;;;;;;;;;;;;;;;;;;;;
""
""
""
""
""
""
""
""
""
""
""
""
""
""
""
""
""
""
""
""
""
""
""
 1jum;5;Linyphiidae;Palliduphantes;istrianus;Palliduphantes istrianus;;43.688269;16.303363;Tf;deep cave;43.68826916.303363;3;;;;;;;;;;;;;;;;;;;;;;
""
""
""
""
""
""
""
""
""
""
""
""
""
""
""
""
""
""
""
""
""
""
""
""
""
""
""
""
""
""
""
""
""
""
""
""
 1juv;4;Leptonetidae;Barusia;maheni;Barusia maheni;;43.62857;16.320163;tf;deep cave;43.6285716.320163;4;;;;;;;;;;;;;;;;;;;;;;
 1juv;3;Tetragnathidae;Metellina;merianae;Metellina merianae;;43.62857;16.320163;Tf;deep cave;43.6285716.320163;4;;;;;;;;;;;;;;;;;;;;;;
""
""
""
""
""
""
""
""
""
""
 1f?;3;Leptonetidae;Cataleptoneta;sp.;Cataleptoneta sp.;;45.259902;14.606487;;deep cave;45.25990214.606487;10;;;;;;;;;;;;;;;;;;;;;;
""
""
""
""
""
""
""
""
""
""
825;;;;;;;;;;;;;;;;;;;
825;;;;;;;;;;;;;;;;;;;
825;;;;;;;;;;;;;;;;;;;
""
""
""
""
""
""
""
""
""
""
""
""
""
""
""
""
""
""
""
""
""
""
""
""
""
""
84;;;;;;;;;;;;;;;;;;;
84;;;;;;;;;;;;;;;;;;;
84;;;;;;;;;;;;;;;;;;;
84;;;;;;;;;;;;;;;;;;;
84;;;;;;;;;;;;;;;;;;;
84;;;;;;;;;;;;;;;;;;;
84;;;;;;;;;;;;;;;;;;;
84;;;;;;;;;;;;;;;;;;;
""
""
""
 1juv;3;Linyphiidae;Troglohyphantes;excavatus;Troglohyphantes excavatus;;44.983895;15.721656;tf;deep cave;44.98389515.721656;8;;;;;;;;;;;;;;;;;;;;;;
""
""
""
""
""
""
""
""
""
84;;;;;;;;;;;;;;;;;;;
""
""
""
""
""
""
""
""
""
84;;;;;;;;;;;;;;;;;;;
""
""
84;;;;;;;;;;;;;;;;;;;
""
""
""
""
""
""
84;;;;;;;;;;;;;;;;;;;
""
84;;;;;;;;;;;;;;;;;;;
""
""
""
""
""
""
""
""
""
""
""
""
""
 1juv;3;Tetragnathidae;Metellina;merianae;Metellina merianae;;44.86194;15.492054;tf;deep cave;44.8619415.492054;1;;;;;;;;;;;;;;;;;;;;;;
""
""
""
""
""
""
""
""
""
""
""
""
""
""
""
""
""
""
""
""
""
""
""
""
""
""
""
""
""
""
""
""
""
""
""
""
""
""
""
""
""
""
""
""
""
""
""
""
""
""
""
""
""
""
""
""
""
""
""
""
""
""
""
""
""
""
""
""
""
""
""
""
6;;;;;;;;;;;;;;;;;;;;;
""
6;;;;;;;;;;;;;;;;;;;;;
""
""
""
""
""
6;;;;;;;;;;;;;;;;;;;;;
7875;;;;;;;;;;;;;;;;;;;
7875;;;;;;;;;;;;;;;;;;;
7875;;;;;;;;;;;;;;;;;;;
7875;;;;;;;;;;;;;;;;;;;
""
""
6;;;;;;;;;;;;;;;;;;;
""
""
""
 1juv;2;Theridiidae;Pholcomma;gibbum;Pholcomma gibbum;;42.76443;17.471825;Tx;;42.7644317.471825;8;;;;;;;;;;;;;;;;;;;;;;
 1juv;2;Tetragnathidae;Meta;bourneti;Meta bourneti;;42.76443;17.471825;Tf;deep cave;42.7644317.471825;8;;;;;;;;;;;;;;;;;;;;;;
""
""
""
""
""
""
""
""
""
""
""
""
""
""
""
""
""
""
""
""
""
""
""
 3juv;5;Pholcidae;Pholcus;phalangioides;Pholcus phalangioides;;42.787249;17.328395;;deep cave;42.78724917.328395;3;;;;;;;;;;;;;;;;;;;;;;
""
""
""
""
""
""
""
""
""
""
""
""
""
""
 1juv;3;Linyphiidae;Troglohyphantes;kordunlikanus;Troglohyphantes kordunlikanus;;45.046385;15.688032;tf;deep cave;45.04638515.688032;2;;;;;;;;;;;;;;;;;;;;;;
""
""
""
""
""
""
""
""
""
""
""
""
""
""
""
""
""
""
05;;;;;;;;;;;;;;;;;;;
""
""
""
""
""
""
""
""
""
""
""
""
""
""
""
""
""
""
""
""
""
""
""
""
 1juv;2;Leptonetidae;Sulcia;nocturna;Sulcia nocturna;;42.764498;17.471054;;deep cave;42.76449817.471054;5;;;;;;;;;;;;;;;;;;;;;;
""
""
 2 juv;3;Leptonetidae;Sulcia;nocturna;Sulcia nocturna;;42.764498;17.471054;;deep cave;42.76449817.471054;5;;;;;;;;;;;;;;;;;;;;;;
""
""
 1juv;2;Leptonetidae;Sulcia;nocturna;Sulcia nocturna;;42.764498;17.471054;;deep cave;42.76449817.471054;5;;;;;;;;;;;;;;;;;;;;;;
""
""
""
7875;;;;;;;;;;;;;;;;;;;
6;;;;;;;;;;;;;;;;;;;;;
""
""
6;;;;;;;;;;;;;;;;;;;;;
""
""
""
""
6;;;;;;;;;;;;;;;;;;;;;
6;;;;;;;;;;;;;;;;;;;;;
""
6;;;;;;;;;;;;;;;;;;;;;
""
""
""
""
""
""
""
""
""
""
""
""
""
""
""
""
""
""
""
""
""
""
""
""
""
""
""
""
""
""
""
""
""
""
""
""
""
""
""
""
""
""
""
""
 1juv;3;Linyphiidae;Centromerus;sp. 2;Centromerus sp. 2;;43.096956;17.384111;;;43.09695617.384111;2;;;;;;;;;;;;;;;;;;;;;;
 1juv;4;Linyphiidae;Centromerus;sp. 2;Centromerus sp. 2;;43.136198;17.381088;;;43.13619817.381088;2;;;;;;;;;;;;;;;;;;;;;;
""
 2juv;5;Linyphiidae;Porrhomma;egeria;Porrhomma egeria;;45.739571;15.482755;;deep cave;45.73957115.482755;5;;;;;;;;;;;;;;;;;;;;;;
""
""
""
""
""
""
""
""
""
""
""
""
 3juv;5;Linyphiidae;Troglohyphantes;excavatus;Troglohyphantes excavatus;;45.751922;15.536692;tf;deep cave;45.75192215.536692;4;;;;;;;;;;;;;;;;;;;;;;
 2juv;7;Linyphiidae;Porrhomma;egeria;Porrhomma egeria;;45.751922;15.536692;;deep cave;45.75192215.536692;4;;;;;;;;;;;;;;;;;;;;;;
""
""
 1juv;3;Linyphiidae;Porrhomma;egeria;Porrhomma egeria;;45.751922;15.536692;;deep cave;45.75192215.536692;4;;;;;;;;;;;;;;;;;;;;;;
""
""
""
 2f;3;Linyphiidae;Centromerus;cavernarum;Centromerus cavernarum;;44.911213;15.606871;Tf;deep cave;44.91121315.606871;7;;;;;;;;;;;;;;;;;;;;;;
""
""
""
""
""
""
""
""
""
""
""
""
""
""
""
""
""
""
""
""
""
 2juv;4;Linyphiidae;Centromerus;cavernarum;Centromerus cavernarum;;44.911213;15.606871;Tf;deep cave;44.91121315.606871;7;;;;;;;;;;;;;;;;;;;;;;
""
 1juv;3;Linyphiidae;Centromerus;cavernarum;Centromerus cavernarum;;44.911213;15.606871;Tf;deep cave;44.91121315.606871;7;;;;;;;;;;;;;;;;;;;;;;
 1juv;2;Nesticidae;Nesticus;cellulanus;Nesticus cellulanus;;44.911213;15.606871;tf;deep cave;44.91121315.606871;7;;;;;;;;;;;;;;;;;;;;;;
""
""
""
""
""
""
""
""
""
""
""
""
""
""
""
""
""
""
""
""
""
""
""
""
""
""
""
""
""
""
""
""
""
""
""
""
""
""
""
""
""
""
""
""
""
""
""
""
""
""
""
""
""
""
""
""
""
""
""
""
""
""
""
""
""
""
""
""
""
""
""
""
""
""
""
""
""
""
""
""
""
""
""
""
 3juv;5;Nesticidae;Nesticus;cellulanus;Nesticus cellulanus;;44.982301;15.701973;tf;deep cave;44.98230115.701973;3;;;;;;;;;;;;;;;;;;;;;;
 1juv;3;Nesticidae;Nesticus;cellulanus;Nesticus cellulanus;;44.982301;15.701973;tf;deep cave;44.98230115.701973;3;;;;;;;;;;;;;;;;;;;;;;
""
""
""
""
""
""
""
""
""
""
""
""
""
""
""
""
""
6;;;;;;;;;;;;;;;;;;;
""
 2juv;5;Linyphiidae;Palliduphantes;sp. X;Palliduphantes sp. X;;42.765231;17.385606;;;42.76523117.385606;6;;;;;;;;;;;;;;;;;;;;;;
""
""
""
""
""
""
""
""
""
""
""
""
""
""
""
""
""
""
 1juv;3;Nesticidae;Nesticus;cellulanus;Nesticus cellulanus;;44.954418;15.536976;tf;deep cave;44.95441815.536976;8;;;;;;;;;;;;;;;;;;;;;;
""
""
""
""
""
""
""
""
""
""
""
""
""
""
""
""
""
""
""
""
""
""
""
""
""
""
""
""
""
""
""
""
""
""
""
 1juv;3;Nesticidae;Nesticus;cellulanus;Nesticus cellulanus;;44.912282;15.596229;tf;deep cave;44.91228215.596229;2;;;;;;;;;;;;;;;;;;;;;;
""
""
""
""
 2f;7;Linyphiidae;Troglohyphantes;excavatus;Troglohyphantes excavatus;;44.902923;15.605417;tf;deep cave;44.90292315.605417;2;;;;;;;;;;;;;;;;;;;;;;
""
""
""
""
""
""
""
""
""
""
""
""
 1juvf;3;Linyphiidae;Troglohyphantes;liburnicus;Troglohyphantes liburnicus;;45.328896;14.256583;tb;deep cave;45.32889614.256583;2;;;;;;;;;;;;;;;;;;;;;;
 3juv;5;Linyphiidae;Troglohyphantes;brignolii;Troglohyphantes brignolii;;45.288929;14.188706;tb;deep cave;45.28892914.188706;1;;;;;;;;;;;;;;;;;;;;;;
""
""
 2juv;4;Linyphiidae;Troglohyphantes;brignolii;Troglohyphantes brignolii;;45.312041;14.189346;tb;deep cave;45.31204114.189346;1;;;;;;;;;;;;;;;;;;;;;;
""
""
""
""
""
""
""
 1juv;8;Leptonetidae;Sulcia;sp.;Sulcia sp.;;43.25525;17.265833;;;43.2552517.265833;6;;;;;;;;;;;;;;;;;;;;;;
""
""
""
""
""
""
""
""
""
""
""
""
""
""
""
""
""
""
""
""
 3juv;5;Nesticidae;Kryptonesticus;eremita;Kryptonesticus eremita;;45.019278;13.732502;tf;deep cave;45.01927813.732502;1;;;;;;;;;;;;;;;;;;;;;;
""
""
""
""
""
""
""
""
 1juv;3;Nesticidae;Kryptonesticus;eremita;Kryptonesticus eremita;;45.268947;13.619928;tf;deep cave;45.26894713.619928;1;;;;;;;;;;;;;;;;;;;;;;
""
""
""
""
""
""
""
""
""
""
""
""
""
""
""
""
""
""
""
""
""
""
""
""
""
""
""
""
""
""
""
""
""
""
""
""
""
 1juv;4;Linyphiidae;Palliduphantes;spelaeorum;Palliduphantes spelaeorum;;43.71017;16.781855;Tf;deep cave;43.7101716.781855;1;;;;;;;;;;;;;;;;;;;;;;
""
""
""
 3juv;1;Linyphiidae;Troglohyphantes;sp. 19;Troglohyphantes sp. 19;;43.74112557;16.77547487;tb;deep cave;43.7411255716.77547487;2;;;;;;;;;;;;;;;;;;;;;;
""
""
""
""
""
""
""
""
""
""
""
 8juv;11;Nesticidae;Kryptonesticus;eremita;Kryptonesticus eremita;95;45.319298;13.631373;tf;deep cave;45.31929813.631373;7;;;;;;;;;;;;;;;;;;;;;;
""
""
""
""
 3juv;7;Linyphiidae;Diplocephalus;alpinus;Diplocephalus alpinus;95;45.319298;13.631373;Tf;deep cave;45.31929813.631373;7;;;;;;;;;;;;;;;;;;;;;;
""
""
 1juv;3;Linyphiidae;Troglohyphantes;sp. 19;Troglohyphantes sp. 19;;43.74374;16.80055;tb;deep cave;43.7437416.80055;1;;;;;;;;;;;;;;;;;;;;;;
""
""
""
""
""
""
""
""
""
""
""
""
""
2;;;;;;;;;;;;;;;;;;;;;
""
""
""
""
 1juvm;3;Linyphiidae;Porrhomma;egeria;Porrhomma egeria;;46.155463;16.1171;;deep cave;46.15546316.1171;5;;;;;;;;;;;;;;;;;;;;;;
""
""
""
""
""
""
""
""
""
""
""
 1juv;3;Nesticidae;Kryptonesticus;eremita;Kryptonesticus eremita;;44.786909;13.907968;tf;deep cave;44.78690913.907968;3;;;;;;;;;;;;;;;;;;;;;;
""
""
""
""
""
""
""
""
 1juv;3;Agelenidae;Inermocoelotes;sp.;Inermocoelotes sp.;;44.906031;15.617462;Tx;Shallow subterranean habitat;44.90603115.617462;7;;;;;;;;;;;;;;;;;;;;;;
""
""
 1juv;2;Agelenidae;Inermocoelotes;sp.;Inermocoelotes sp.;;44.24018;15.81642;;Shallow subterranean habitat;44.2401815.81642;1;;;;;;;;;;;;;;;;;;;;;;
 1juv;2;Dysderidae;Dysdera;sp.;Dysdera sp.;;44.24018;15.81642;Tx;;44.2401815.81642;1;;;;;;;;;;;;;;;;;;;;;;
 1juv;2;Agelenidae;Inermocoelotes;sp.;Inermocoelotes sp.;;44.24018;15.81642;;Shallow subterranean habitat;44.2401815.81642;1;;;;;;;;;;;;;;;;;;;;;;
""
""
""
""
""
""
""
 3 juv + 2juv?;7;Linyphiidae;Troglohyphantes;brignolii;Troglohyphantes brignolii;;45.429588;14.095256;tb;deep cave;45.42958814.095256;3;;;;;;;;;;;;;;;;;;;;;;
""
""
""
""
""
""
""
""
""
""
""
""
""
 1juv;3;Linyphiidae;Troglohyphantes;brignolii;Troglohyphantes brignolii;;45.317839;14.235328;tb;deep cave;45.31783914.235328;1;;;;;;;;;;;;;;;;;;;;;;
""
""
""
""
""
""
""
""
""
""
""
""
""
""
""
""
""
""
""
 1juv;3;Nesticidae;Nesticus;cellulanus;Nesticus cellulanus;310;45.77395;15.70102;tf;deep cave;45.7739515.70102;7;;;;;;;;;;;;;;;;;;;;;;
""
""
""
""
""
""
""
 1juv;5;Linyphiidae;Troglohyphantes;wiehlei;Troglohyphantes wiehlei;310;45.77395;15.70102;tf;deep cave;45.7739515.70102;7;;;;;;;;;;;;;;;;;;;;;;
""
""
""
""
""
""
""
""
""
""
""
""
""
""
""
""
""
""
""
""
""
""
""
 2juv;4;Linyphiidae;Centromerus;sellarius;Centromerus sellarius;;44.893826;15.62779;tf;shallow subterranean habitat;44.89382615.62779;5;;;;;;;;;;;;;;;;;;;;;;
""
""
""
""
""
""
""
""
""
""
""
""
""
""
""
""
""
""
""
""
""
 1juv;2;Agelenidae;Inermocoelotes;sp.;Inermocoelotes sp.;;44.901017;15.623123;Tx;Shallow subterranean habitat;44.90101715.623123;4;;;;;;;;;;;;;;;;;;;;;;
""
 1juv;2;Agelenidae;Inermocoelotes;sp.;Inermocoelotes sp.;;44.901017;15.623123;Tx;Shallow subterranean habitat;44.90101715.623123;4;;;;;;;;;;;;;;;;;;;;;;
""
 1juvm;6;Linyphiidae;Troglohyphantes;excavatus;Troglohyphantes excavatus;;44.885457;15.644462;tf;deep cave;44.88545715.644462;6;;;;;;;;;;;;;;;;;;;;;;
""
""
""
""
""
""
""
""
""
""
""
""
""
""
""
""
""
""
""
 1juv;4;Linyphiidae;Troglohyphantes;excavatus;Troglohyphantes excavatus;;44.899827;15.62751;tf;deep cave;44.89982715.62751;1;;;;;;;;;;;;;;;;;;;;;;
""
""
""
 1juv;4;Linyphiidae;Troglohyphantes;kordunlikanus;Troglohyphantes kordunlikanus;;44.876894;15.63783;tf;deep cave;44.87689415.63783;6;;;;;;;;;;;;;;;;;;;;;;
""
""
""
""
""
""
""
""
""
""
""
""
""
""
""
""
""
""
""
""
""
""
""
""
""
""
""
""
""
""
""
""
""
""
""
""
""
""
""
""
""
""
""
""
""
 1juv;3;Linyphiidae;Porrhomma;egeria;Porrhomma egeria;;46.155463;16.1171;;deep cave;46.15546316.1171;5;;;;;;;;;;;;;;;;;;;;;;
""
""
""
""
""
""
""
""
""
""
""
""
""
""
""
""
""
""
""
""
""
""
""
 2juv;4;Leptonetidae;Cataleptoneta;lingulata;Cataleptoneta lingulata;;44.31234;15.482802;tb;deep cave;44.3123415.482802;2;;;;;;;;;;;;;;;;;;;;;;
""
""
""
""
 3juv;5;Linyphiidae;Troglohyphantes;sp. 14;Troglohyphantes sp. 14;;44.298723;15.542745;tb;deep cave;44.29872315.542745;3;;;;;;;;;;;;;;;;;;;;;;
""
""
""
""
 1juv;3;Agelenidae;Histopona;egonpretneri;Histopona egonpretneri;;44.317915;15.468907;Tb;deep cave;44.31791515.468907;1;;;;;;;;;;;;;;;;;;;;;;
""
""
""
""
""
""
""
""
""
""
""
""
""
""
""
 2juv;7;Nesticidae;Nesticus;cellulanus;Nesticus cellulanus;;44.71694;15.360985;tf;deep cave;44.7169415.360985;6;;;;;;;;;;;;;;;;;;;;;;
""
""
""
""
""
""
""
""
""
""
""
""
""
""
""
""
""
""
""
""
""
""
""
""
""
""
""
""
""
""
""
""
""
""
""
""
""
""
""
""
""
""
""
""
""
""
""
""
""
""
 1juv;3;Nesticidae;Nesticus;cellulanus;Nesticus cellulanus;;46.167507;16.044958;tf;deep cave;46.16750716.044958;2;;;;;;;;;;;;;;;;;;;;;;
""
""
""
""
""
""
""
""
""
""
""
""
""
""
""
""
""
""
""
""
""
""
""
""
""
""
""
""
""
""
""
""
""
""
""
""
""
 2juv;5;Tetragnathidae;Metellina;mengei;Metellina mengei;;46.302462;16.079177;;;46.30246216.079177;6;;;;;;;;;;;;;;;;;;;;;;
""
""
""
""
""
""
""
""
""
""
""
""
 1juv;4;Dysderidae;Dysdera;sp.;Dysdera sp.;;44.71277;15.00393;Tx;;44.7127715.00393;1;;;;;;;;;;;;;;;;;;;;;;
""
""
""
""
""
""
""
""
""
""
""
""
""
""
62;;;;;;;;;;;;;;;;;;;
2;;;;;;;;;;;;;;;;;;;
""
""
""
""
""
""
""
""
""
825;;;;;;;;;;;;;;;;;;;
""
7875;;;;;;;;;;;;;;;;;;;
""
""
""
2;;;;;;;;;;;;;;;;;;;
""
825;;;;;;;;;;;;;;;;;;;
""
""
""
""
825;;;;;;;;;;;;;;;;;;;
825;;;;;;;;;;;;;;;;;;;
""
""
""
""
63043478;;;;;;;;;;;;;;;;;;;
""
""
""
""
""
63043478;;;;;;;;;;;;;;;;;;;
""
""
2;;;;;;;;;;;;;;;;;;;
""
""
""
""
""
""
""
""
""
""
""
""
""
""
""
""
""
""
 1juv;4;Nesticidae;Nesticus;cellulanus;Nesticus cellulanus;;44.984699;15.692511;tf;deep cave;44.98469915.692511;4;;;;;;;;;;;;;;;;;;;;;;
""
""
""
""
""
""
 1juvf;3;Linyphiidae;Troglohyphantes;excavatus;Troglohyphantes excavatus;;44.984643;15.7219;tf;deep cave;44.98464315.7219;2;;;;;;;;;;;;;;;;;;;;;;
""
""
""
""
""
""
""
7875;;;;;;;;;;;;;;;;;;;
7875;;;;;;;;;;;;;;;;;;;
7875;;;;;;;;;;;;;;;;;;;
825;;;;;;;;;;;;;;;;;;;
""
""
""
""
""
""
""
""
""
675;;;;;;;;;;;;;;;;;;;
""
""
""
""
""
""
""
""
2;;;;;;;;;;;;;;;;;;;
""
""
""
""
""
""
""
""
""
""
""
""
""
""
""
""
""
""
""
""
""
""
""
""
""
""
""
""
""
""
""
""
""
""
""
 1juvf;2;Linyphiidae;Linyphia;sp.;Linyphia sp.;;45.21434;14.55447;;Shallow subterranean habitat;45.2143414.55447;1;;;;;;;;;;;;;;;;;;;;;;
""
""
""
""
""
""
""
""
""
""
""
""
""
""
""
""
""
""
""
""
""
 1juv;4;Linyphiidae;Centromerus;densidentatus sp.n.;Centromerus densidentatus sp.n.;;44.279837;15.47716;;;44.27983715.47716;3;;;;;;;;;;;;;;;;;;;;;;
""
""
""
""
""
""
""
 3juv;6;Dysderidae;Parastalita;stygia;Parastalita stygia;;44.314302;15.475264;tb;deep cave;44.31430215.475264;7;;;;;;;;;;;;;;;;;;;;;;
""
""
""
""
""
""
""
""
 1juv;2;Nesticidae;Kryptonesticus;eremita;Kryptonesticus eremita;;44.131933;15.851054;tf;deep cave;44.13193315.851054;6;;;;;;;;;;;;;;;;;;;;;;
""
 3juv;5;Nesticidae;Kryptonesticus;eremita;Kryptonesticus eremita;;44.139831;15.842079;tf;deep cave;44.13983115.842079;2;;;;;;;;;;;;;;;;;;;;;;
""
""
""
""
 2juvf;3;Linyphiidae;Troglohyphantes;roberti;Troglohyphantes roberti;;44.229974;15.855897;tb;deep cave;44.22997415.855897;4;;;;;;;;;;;;;;;;;;;;;;
 1juvf;2;Linyphiidae;Micrargus;herbigradus;Micrargus herbigradus;;44.229974;15.855897;Tf;deep cave;44.22997415.855897;4;;;;;;;;;;;;;;;;;;;;;;
""
 1juvm;4;Linyphiidae;Troglohyphantes;brignolii;Troglohyphantes brignolii;;45.30489;14.212681;tb;deep cave;45.3048914.212681;3;;;;;;;;;;;;;;;;;;;;;;
""
""
""
""
""
""
""
""
""
""
""
""
""
""
""
""
""
""
""
""
""
""
""
""
""
""
""
""
""
""
""
""
""
""
""
""
""
""
""
""
""
""
""
""
""
""
""
""
""
""
""
""
""
""
""
""
""
""
""
""
""
""
""
""
""
""
""
""
""
""
""
""
""
""
""
""
""
""
""
""
""
""
""
""
""
""
""
""
""
""
""
 1juv;3;Linyphiidae;Troglohyphantes;excavatus;Troglohyphantes excavatus;;44.870061;15.637578;tf;deep cave;44.87006115.637578;6;;;;;;;;;;;;;;;;;;;;;;
""
""
""
""
""
""
""
""
""
""
""
""
""
""
""
""
""
""
 1juvm;8;Linyphiidae;Porrhomma;egeria;Porrhomma egeria;;44.786837;15.540917;Tf;deep cave;44.78683715.540917;2;;;;;;;;;;;;;;;;;;;;;;
""
""
""
""
""
""
""
""
""
""
""
""
""
""
""
""
""
""
""
""
""
""
""
""
""
""
""
""
""
""
""
""
""
63043478;;;;;;;;;;;;;;;;;;;
""
""
""
""
""
""
""
""
""
""
""
""
""
""
""
""
""
""
 1juv;4;Linyphiidae;Palliduphantes;spelaeorum;Palliduphantes spelaeorum;;43.133120;16.744319;;deep cave;43.13312016.744319;3;;;;;;;;;;;;;;;;;;;;;;
""
""
""
""
""
""
""
""
""
""
 4juv;6;Nesticidae;Kryptonesticus;eremita;Kryptonesticus eremita;;43.184949;16.434233;;deep cave;43.18494916.434233;5;;;;;;;;;;;;;;;;;;;;;;
""
""
""
""
""
""
""
""
""
""
""
""
""
""
""
""
""
""
""
""
""
""
""
""
""
""
""
""
""
""
""
""
""
""
""
""
""
""
""
""
""
""
""
""
""
""
""
""
""
""
""
""
""
""
